id,title
4OWiA5aGyB0,【#息根とめる】初配信！！！！！！！！！！！！【深層五女】
OGTHsIdlqAs,【APEX】Diaに行きたい
H8L7xr00kzQ,【MHR】狩り！！！！！！！！！！！！！！！！！【息根とめる】
cNJ3HxJyT60,【MHR】狩り！！！！！！！！！！！！！！！！！【息根とめる】
BYxicXj-xG0,【MHR】絶滅させるぞ！！！！！！！！【息根とめる】
9xBjNizT_HQ,【後編】DWU×息根とめる対談【深層家】
U_nDMo_0rBU,【モンハン】みんな絶滅しちゃった・・・・・・【息根とめる】
3c3EOUldAlM,【APEX】ランク終了間近！？？駆け込みsoloQ！！！！！！【息根とめる】
MH0bDRV8j_s,【うま娘】私の愛馬が！！！！！！！！【息根とめる】
HJiUl4C_XKg,【ウマ娘】たのしいウマ娘feat清楚大復活編【息根とめる】
gPXE77WkxFw,【深層家】DWUお姉さま♪あっそびっましょ♪♪【it takes two】
w1F1NXSRmKI,【実食】恐怖！本当にあった怖いマシュマロの話【息根とめる】
-ENSYCiL6Qo,【引きこもり】無職と学ぼ♪労働ってなに？？？？？？？？【社会不適合者】
2dqGC-Df8K8,【ゾンビって】バイオの時間だよ！！！！！！！！！！【息根とめれる？？】
hMf9OyFl9v0,【無職vs】今日は何の日か知ってる？？？？？【バイオ】
hrOVBzw-wdk,【無理なものは】マ！！！！！！！！！！！！！！【だいたい無理】
JFSzealpT_A,【明日面接】緊急会議！！！相談したい【息根とめる】
y0MZo9E-wx0,【社不適姉妹】無職×生活保護【なまほしお姉ちゃん】
3Ox-ITvYwWQ,【無職】人生初面接行ってきた！！＋来るべき日に備える【息根とめる】
t0oRTCyfRNI,【余裕の】英語カタカナ外来語喋ったら即終了。【よっちゃん】
ek1LK05GNjk,【龍が如く】ヤのつく職は野菜屋さん♪♪【息根とめる】
KnbE14sKnrM,【収益化】ありがと！！！！！！！！久しぶりの雑談【通っちゃった】
0U_-w_tyNKo,【深層45姉妹】バカンスに来た！！！！！！！【クッコロお姉ちゃん】
KL9ojqWJ_ls,【富豪】バイオ8をぶっ壊す【全知全能の神】
_0iYfqR3ZgQ,【正気か】社会ってマジで意味がわかんね～～～【狂気か】
5JwnkyiLGf8,【バイオ8】作っちゃった、世界【全知全能の神】
bZ_X1o_HazI,【マ。】明日火曜日は配信な～～～～～し！【息根とめる】
9P0udAfthAw,【スパッチャ読】ありがとうのア！！！！！！！！【息根とめる】
Rz-GTf1Lei8,【耐久】雑談＋ほんのすこしの運動！！！！！！！【3万行くまで】
A1gJyzg_7CI,【ヤ】耐久最後までお付き合い頂きありがとうございました ٩(ˊᗜˋ*)و【バイオハザード】
-z-IeHeH5HE,ゾンビはゾンビでもゾンビなゾンビってゾ～ンビ♪
ghruVNw6N-k,【ヤ】クリアするまで　その①【バイオ8】
K2Hbzxx_PfI,ハイゼン爺～クリアーするまで！【バイオ8】
NP3FAQcM4h8,マ。のお時間＋明日の告知「初」公開
WNumlYZcrxI,SEKIRO　TIMEEEEEEEEEEEEEEEEEEE
sFtT4U-hufs,恥マンデイ～～！SEKIRO #2
L7W8zee94nw,死んだことない　SEKIRO #3
JNLG8lYXTNc,雑談！すいすいバカンすい～～♪
AQBinChpvAU,明日のお知らせ
b1f1R9FI52c,【誰でも参加可】スーパーボンバーマン R オンライン【負ける気せん】
0petd02Znec,【なまいきロリ組】貧乏は状態 貧困は解釈　#3
zQPpTmgMVtM,良き母とは？
_u-iDvY73y4,【SEKIRO】め～～～すけどこ～～～～～～～～～
XKyAbHZ2BNE,【SEKIRO】ジャングル王者決定戦【猿VS猿】
Y5HA-z6iK14,動け動け動け動け動いてよ！！！！！！！！！！！！！！
H6UKdeyJyFk,【GTA5】ヒャッハー！！！！！！！！！！！！！！！！！！
0xgfVdxarAU,【NKODICE】「ボロン」するまで帰らせない。【深層345妹】
z6CTLmJqLMs,世界を創り、壊す。
BhOySROzneM,【GTA5】本日1回目の配信：D
vJCtEmxdL_8,デビューさせたいモノがある
u4bOsspnqHw,【GTA5】世界が平和になりますよ～～～に！
ozsSnrXwOSI,【ポケモンユナイト】LoL歴9年スラム育ち
XvsJQw7oU3E,【誰でも参加可】第2回！スーパーボンバーマン R オンライン【負ける気せん】
noRz0aEwaxo,おもひで、ぼろぼろ。
MSaEVT-oMTM,RFAする。
JZmrh2sIA_4,【GTA5】　金、暴力、炎上。
Ii1lTh2nalQ,【マダミス】亡霊島殺人事件コズエ視点【ネタバレ有り】
RH1pLokUmm0,昨日の反省会。
JhhmNS9PE-M,連れてかれそう。
Wk0-LSFpUjs,戦う前に敵を知る。
qv5D7iGMY1s,生殺与奪の権をクソガキに握らせるな【トロッコ問題 of アルマゲドン】
PNHaPQNCN5A,世界は悪い大人で溢れてる【GTA5】
twauNTyQ3dQ,お料理の時間だー！！！！！！！！！
7jKsKJA6TCA,【GTA5】「愛」がなくちゃね
oqIUqi9QqSY,ブリブリブー
7kzymmdw0NE,【なまいきロリ組】ほのぼの、ざつだん。　#5
9Ozo4V6dRQk,みんなでザリガニつったゲリラうん爆すぱちゃ黄泉
GzKs19olmJc,ザリガニ釣れた？？
ZWz0HaaXxUA,【AION】12年前のMMOであそぶ【魔族】
FQ_YzFbVHoY,【APEX】無職だけどCRカップに出たい！！！！！！！！！！！！
BQmck0slsy8,お知らせとお知らせとお知らせとお知らせ
vjDz1VvZ0Qc,【ポケモンユナイト】LoL歴9年スラム育ちMOBAガキ
Jj-Nddjz41g,【ポケモンユナイト】ウッウを信じろ！！！！！！！！！！！
yt03Oe2rKQ8,【ユナイト】ランク回す！！！！！！！！！！！！
Wvaq0izjqng,！今週の予定！
HiXQFKJmH8k,3秒で終わるゲリラ　
Q-X7X-vQoVs,【APEX】寧々丸ちゃんなまほしちゃんと暴れる！！
AUqq4mhZdds,【SuchArt】V界のルソーといえばこの私！【お知らせ】
JOtNYdwRzWg,24時間→3秒
D3zmlqhUNF4,寝た子は居ないんですか？差別ですよ差別
WpgvOCtzq5I,【PACIFY】夏といえば、やっぱりホラー！【寧々丸ちゃんなまほしちゃん】
E1jOQnI4fKg,今日の配信　
YfwIydmy5Us,【APEX】新シーズンチラ見しにいく
dcK0807JwdU,【APEX】新シーズンチラ見しにいく
ZCYts9IbUnM,【ローモバ】夏だ！海だ！！企業案件だー！！！【DWU先生×息根とめる】
Yj6MZjd6x-g,【EnderLilies】生きてる人間のがよっぽど怖い【ファイナル爺】
MYJJwbUIK10,【APEX】3度の飯よりsoloランクが好き【新シーズン】
y4GE-fIz62k,【EnderLilies】起きたら国滅んでた
4e-i9BHZB-g,【APEX】ランクへ行く
Xt5zsFl8qa8,【エヴァンゲリオン序】同時視聴予習の会①
g67Eob3etYU,はじめての、アモアスコラボ
unRyrtfuGbs,【同時視聴】エヴァンゲリオン新劇場版：破【するぞ！】
gcWzLW3JLvA,【NARAKA】切り捨て御免！！！！！！！
x5jkqNXgv1M,【同時視聴】エヴァンゲリオン新劇場版：Q
516KD-fnm58,【同時視聴】シン・エヴァンゲリオン劇場【最終回】
1YUommVZ3mA,牛って、なに？
16jjzhN0aGw,【お料理】牛タン焼いても家焼くな【超最新鋭3D】
29gd2sUUvZE,【APEX】戦争【ランク】
sfEyDqYuie0,ローモバ作戦会議
nj3StTDMOh4,【LobotomyCorporation】お母さん、大好き！
0YYx5sENXIA,【Ancestors】うまれる時代、間違ったかも
Z7eYWKq6jXQ,【Ancestors】早く人間になりたい！！！！！！！
r6fbzBCKtbo,【ローモバ】夏だ！戦だ！下剋上だー！！！【DWU先生×息根とめる】
39aQiuTsyis,【今酒ハクノ】賭けクズ一番！人の金で狂うギャンブルは最高！！【息根とめる】
IHtUwLL3kU8,【Ancestors】血を絶やせ！ヒトが存在しない世界線
eeieYEUzg1k,【RFA】ちからが、ほしい。
eol2kSempe8,第1回とめラーお部屋コンテスト！！！！！！！！
JuDQtAnhkk0,【浮浪生活】ただいまー！！！！！！！！！！！【Bum Simulator】
UC6pCxUysBI,病院行ってきた
WQg1zUMqujQ,なにもないはいしん
ESzErygxsC4,【浮浪生活】ペロッ・・・これは、殺鼠剤！！！【Bum Simulator】
6Ci_4EH9CkM,第1回とめラーお部屋コンテスト後半戦！！！！！！！！
zIyPZIBBRc8,【初配信】初めまして！息根とめるです♪【自己紹介】
vAm28xU7Spc,【競馬】社不な馬がいるらしい！！！！！！！！！！！【神戸新聞杯】
Zb_m-Tw6mH8,【みんなのリズム天国】音ゲー？そんなの余裕っしょ！【元音大生】
EmZotvqjVZM,【Minecraft】ゲームの中ぐらい豪邸に住みたい！夢みたい！！【初見】
kWQoBH_cjCo,【APEX】はじめての大会参戦！#ぼっTNPWIN【NSL杯本番】
Ern9-pAIcrk,【ペット紹介】ペットみて癒されよう！！！
dm3nL0bYzKQ,【ペット紹介】ペットみて癒されよう！！！
WB-LVcXlbPY,【AnimalFightClub】最強のキメラ軍団を作る！！！
qkswpF8gyqg,【みんなのリズム天国】寝てても勝てる！！！！！！【その２】
KhzoaIEpJn8,【Minecraft】ついに深層鯖始動！＋リスナー鯖へ視察に行く。【#深層サーバー】
rftpNCCAnk4,【Minecraft】焼き肉焼いても人焼くな #Shorts】
Tt847nyUsP0,歯医者の作法を教えて
o22ZLS4YaZk,とめるより虫歯の本数多いやつ居る？笑
EECpSfOZ63I,【fingger】コメント連動ゲームって何？？【視聴者参加型】
zx9AvJ_O-2E,【Minecraft】ネザー行くぞ！！！！！！！！！【#深層サーバー】
7Ys-Y2n_kDY,【ハッピークズトピア】居留守すな！！！！！！！！！！！！！！！！
qu9dw1ygfSA,【SurvivalQuizCITY】天下一頭が良いV選手権優勝！！！！！！！！
06Fhp9JxMf0,【fingger】好き勝手うたせて既成事実を作ろう！【視聴者参加型】
sAV3OsSO018,【Minecraft】地獄の回転寿司屋つくりたい！！！！【#深層サーバー】
fPbFcByf7U4,【APEX】練習カスタム！明日本番！！！！【なまいき丸】
dq6hage0UOM,【APEX】練習＋カスタム本番当日【なまいき丸】#星めぐりカスタム
X8PUDti7ocI,【Minecraft】げえりいらあああああああ【#深層サーバー】
8SvnCpbtTsE,【みんなのリズム天国】好↑き↑なんです！！！！！！！！【その3】
Da1RCDjE6w0,【fingger】白黒、つけるぞ。【視聴者参加型】
bGUZd6AH-bM,【Eronoctosis】2人は社不適！R指定ゲー遊ぶ！！【三星ナナミ＆息根とめる】
oh-7_-sFO7s,【Minecraft】誰か、とめるを、救って【#Shorts】
569PbEfOZWw,【雑談】同居人を紹介します！！！！！！！！
kyshhkrfdHo,【みんなのリズム天国】そろそろつけますか、決着【その4】
cUuUx3aO1Vc,【相談】プロジェクトメイクとめる
CuA1n9pSFTE,【Minecraft】深層鯖に新たな参戦者が！？？？？？？？【#深層サーバー】
8ONXQ5ppxPA,【薔薇と椿】ビンタ、それは深層家のたしなみ
ck9-MsTf17M,噴火した
Kd2PZZKRFq0,【APEX】楽しむぞ！南国！！！！！！！！
ddXONldl-DE,【芸術】目指せルーヴル美術館！！！！！【の秋】
1ka2N-YuFfc,【APEX】カスタム顔合わせ！！！【こはく×とめる】
WAwHtGTGypg,【APEX】まほROKU大会本番！【なまいき丸】
ppY5i-ux1wo,【APEX】てぇてぇカスタム！やるぞ！！！【こはく×とめる】
3ykGTr4E6zA,【APEX】力が、ほしい・・・！！！【半分雑談】
iCnGrbhOebs,眠すぎて何もできない
bEh2UhMNlMY,【HITMAN3】実は本業、【ニコ生主は廃業】
bQAwUWs7kx0,【なまいき】生まれてよかった！生きててよかった！死んだらなお良し！！　#7
bpgpQSntqns,【BF2042】撃って撃って撃って撃つ！！
IsGSGwUWahw,【BF2042】爆発オチなんて最低！！！！！！！
3ZOfLbnnmb8,タイトルまま
2gJqfXG5irU,【Ruined King】世界一「平和」なゲームがRPGになったらしい！！！【LoL×RPG】
ZOdlXNKGg0M,【ポケモン】ブリブリブリリリリリリリリリリリ【ダイパリメイク】
c3kpns53Ct4,【ポケモン】「はじめて」のポケモン、どの子？？【ダイパリメイク】
gbp3ukCzK-w,【ポケモン】わるいポケモン【ダイパリメイク】
rq8mkdfkQjA,【ポケモン】とてもとてもわるいポケモン【ダイパリメイク】
QshvOb1XA1o,【ポケモン】なにものかに、コントロールされている【ダイパリメイク】
QlZyt5LD4ls,【ポケモン】駆け抜けるぞ！！！！！！！【ダイパリメイク】
ZrTA37ePOiM,【ポケモン】行くぞ行くぞ行くぞ行くぞ行くぞ！！【ダイパリメイク】
4yr20sJtMvg,【ポケモン】今日こそテッペンとるから！！マジで【ダイパリメイク】
NbYPZyBGyKE,【ポケモン】リベンジマッチ！待ってろシロナ！！！【ダイパリメイク】
8oyHl_e-hz4,【GeoGuessr】迷子迷子迷子迷子迷子迷子迷子迷子迷子迷子迷子
eD-CuI1firk,【VRカノジョ】女だーーーッ！！！！！！！！！！
EzNb5YpQHyw,頭が…頭が・・・・・・・・・・
UzEBLa7Q46E,【DARKSOULS】初見でらくらく勝っちゃうダクソ【リマスター】
FbnWnlPJzRU,【DARKSOULS】初見でらくらく勝っちゃうダクソ【180回死んだねこれ】
W1W4jz6QeVU,【やわらかあたま塾】天才チンパンジー11歳とめちゃん
pVyc3ATNvG0,【VRカノジョ】女女女女女だーーーッ！！！！！！！！！！
L9Ft0YUYYoI,【ポケモン】伝説全部とめるのもの！！！！！！！【ダイパリメイク】
Zw9yvarW4q8,【ポケモン】バトルタワー登るぞー！！！【ダイパリメイク】
9z0WCo9Eh00,【DARKSOULS】初見ですいすい勝ったり勝たなかったり勝ったりする【180回死んだねこれ】
1R4SfihcCj0,【コラボ】ラップコラボ後日談。ハクノ公子×DWUとめる
jQnRoS9tnqc,引っ越しするのでイキり雑談する
5d-uHvUfYlE,【ポケモン】10000000連勝する【ダイパリメイク】
DtUa6WahlmY,【リトルナイトメア】お母さんとどっちの方が怖い？？
a1pwUSpykuY,【DARKSOULS】初見ですいすい勝ったり勝たなかったり勝ったり勝たなかったりする【180回死んだねこれ】
f13nTu1q5lo,【DARKSOULS】初見ですいすい勝ったり勝たなかったり勝ったり勝たなかったりする【300回死んだねこれ】
vcr4WnE2PiQ,【TheBabyInYellow】赤ちゃんとの遊び方、練習する！！！！！！
LHf_OBRKjtc,【ThiefSimulator】とめるは大変なものを盗んでいきました
0hxBLvnii1Y,【続行】ボロライブ行くぞ
NGrBPX5d28E,感謝の正拳突き【クリスマス中止のお知らせ】
uNZ_x7b7HPM,虫が歩いてない部屋ってあるんだ
56WFZjn33o0,【DARKSOULS】いっぱいしぬぞおおおお！！！！！！！！！！！！！！！！！！！！！！！！【527回死んだねこれ】
yFZI6bDvScc,3分で終わる忘年会！！！！！！
Ob1P9yaKhVA,【DARKSOULS】ラスボス＋DLCやるぞ！！！！！！！！【504回死んだねこれ】
VYhJvl0ZT_8,【DARKSOULSⅡ】転生したらまた亡者だった件【初見プレイ】
U2p5gJ503zs,【年越し雑談】振り返ったり返らなかったりゆるくソ～カツ【2022年がこい】
oIxp6WuvI8M,毒親育ちも思わずニッコリ！新年早々親子愛で暖まろう！【メイドインアビス深き魂の黎明】
viCACv_PMRw,【DARKSOULSⅡ】なんだろう、死ぬのやめてもらっていいですか？【初見プレイ】
UieRu6gEDJo,【DARKSOULSⅡ】王？見て分からん？ここに居るんだけど【初見】
pm1mhN5m6hU,そろそろ寿司を食べないと死ぬぜ【す↑し→なんです】
wLZIsxBGAKI,【16タイプ診断】前世は絶対ガンジー！己を知る。
KQoqRyTiqCs,運営（セバス）に読めと言われたので読みます。（被害者面）
3mRQg5aHX3E,【DARKSOULSⅡ】人生に一番必要なもの、それは𝒮𝒪𝒰ℒ…【初見】
3s-HdSWdOWE,【DARKSOULS3】転生したらまたまた亡者だった件【初見】
LwCYC_brdPM,【DARKSOULS3】触れるもの皆傷つけてしまう･･････【初見】
LfJbU-80W38,【TeethBrushingSimulator】息根とめる、歯を磨け、ンマァ！！！！！！！
ZEN1W-BsaZo,【雑談】質問に答えたり答えなかったりする。
E1yfMOtDCCM,【MHRise】下位で死ぬことないやろちょゆ～～笑笑笑【村クエ】
s7xoL-h2nK4,【DARKSOULS3】やったああああああダクソの時間だああああああああああああ【初見】
Wf_6DJg7LP0,【DARKSOULS3】パリパリしてえ・・・！！！！！【初見】
DOxw-i1BXnI,インターネットに人生捧げてる女に気をつけろ
_Zvdts9inz8,【Creed: RisetoGlory】今年の大晦日R〇ZINに出ます【VR】
UgzQmXSYbaM,自分、幸福自慢、良いすか？
nKZSg352VHI,インターネットに人生捧げてる女のつくり方。【NeedyGirlOverdose】
ThggrFtgV8Q,【DARKSOULS3】愛を知って強くなったので絶対に死なない【初見】
HzSrrWUKl-E,【DARKSOULS3】ソウルソウルソウルソウルソウルソウルソウルソウルソウルソウルソウルソウル【初見】
-ac6ca2o78U,【桃鉄】リアルボンビー姉妹＋執事で初コラボ「仲良く」なるぞ！！【深層組】
2ez8TbFdERc,【PokémonLEGENDS】あっ！ン！！！！！！！！！！！！！！！！！【アルセウス】
50DGQPHgTlM,【DARKSOULS3】癖になってんだ、パリィするの【初見】
ORtoN5NUOlU,【DARKSOULS3】DLCわからせの旅【初見】
ezuYmH_Ez6A,【切り抜き】深層組は「アットホーム」な職場です！入門者募集中！桃鉄まとめ【息根とめる/生返るるる/小城夜みるく/従井ノラ】
qXOpmQmmm7w,【陶芸マスター】ネオアームストロングサイクロンジェットアームストロング砲を作る
aM5cDw3xCYw,【脱出のアリア】城に閉じ込められた女の子に指示厨する
-ShtWAj_2Vw,【深層組コラボ】寧々丸、襲来。もちろんとめるは抵抗するで？拳で【Creed: RisetoGlory】
m3tu5KwWHoA,社会と接点を持つのは止めよう！鬱になるので
EgyajmGE8mo,【DARKSOULS3】クリアーできるかも！？？？？？？【初見】
tnxt5I_Wggc,【Bloodborne】はじめての、ブラボ
48GvqH3RfvY,【お料理】タコヤピーの煎餅、作るぞ！！！！！！！！！！【超美麗3D】
RdSerDD3vCE,第2回とめラーお部屋コンテスト！おじゃましま～～～～～～～～～～～～～～～～～～～～～！
L1OhfZlaY8Y,【Bloodborne】フロムゲーやるために生まれてきた
abeiz2uGLw8,【Bloodborne】パリィがよんでる！！！！！！！！
D_Oj1g6urdg,【深層組】DWUお姉さま、呼び出してみた！！！！！【Creed: RisetoGlory】
CDyxYIc61PE,【Bloodborne】思う存分遊ぶぞおおおおおお！！！！
d1KkiCIiUaA,第2回とめラーお部屋コンテスト！出てこい！！！！！！！！
W9qAu7QoBFE,【passpartout】描き、売り、稼ぐ。本気のお絵描きする！！
PXM1N8BYhq4,【SEKIRO】エルデンリング総まとめLIVE同時視聴＋バグハメ無しで修羅挑戦！【エルデンリング】
TFBQ_4zxX3A,【Bloodborne】本当にあった、怖い、DLC
VXgSkIXVCFs,【Bloodborne】終わりたくない最終回かも！？？？宇宙人と仲良くなろう！
or_4bMz9GUs,さぁ、とめるの罪を教えろ！
X5YomGzmWTY,【心霊】幽霊とお母さん、どっちが怖いか検証する！！【深層組/息根とめる】
9-AxVDjzHiU,検証結果、お母さんの勝ち！！！！！
bqvYJxX8zrQ,明日、３Dになります。
Au8doqBgNf0,3Dお披露目【 #息根とめる3D 】
V--3jt15iqE,恐怖！本当にあった怖い3D裏話！！【 ガチ寝込み 】
22Hi3_YzADs,【エルデンリング】2週目いくぞ！魔法解禁純魔縛り！！！！！！【深層組/息根とめる】
yVrW6CA0dQQ,【エルデンリング】純魔しばり！遺灰×近接武器×拳〇【深層組/息根とめる】
OYo-jFRR6A4,【オフコラボ】陰キャ4人で人生初深層ホームパーティー！！【深層組】
hQVtoHcY5uQ,深層Web警察です！非公式Wikiとやらを検閲する。
XIGH3j1pC_w,深層Web警察です！己の記事と向き合う。
Pvi941p-mVg,アーカイブが残らないタイプの雑談。
NIwyT04dDLk,【超美麗3D】オフコラボ！クッコロちゃんとプレゼント開封する！！【息根とめる/クッコロ・セツ】
JP2iY7cN8O0,【エルデンリング】純魔しばり！遺灰×近接武器×拳〇【深層組/息根とめる】
TugsjELs-ZE,【エルデンリング】ハーバード式純魔攻略！！遺灰×近接武器×拳〇【深層組/息根とめる】
37-mSEam9NE,非公式wiki最終回！残るは新人３人！
qiaOGzR-VuE,毒親から逃げきりたい
ligIbK1Qk2U,【緊急対談】第三次深層組の乱シャンプー事件編【仲間で金稼ぎ！？後輩イビリお局誕生！？】
xFAxqUAseOM,ティラノサウルスレース出場！鳥取に来た【息根とめる/42】
0YBxUaKs1-w,春のクソミソ祭り＋ティラノサウルスレースお疲れ様でした！
yJxpkLZvFMo,トイレからご機嫌用！
_h0C_BhGphk,実は陽キャで彼氏持ち!?疑惑の「全て」にお答えします。
ZXflMt6zbiE,【エルデンリング】28歳になりました。【深層組/息根とめる】
GcnMsii9Clg,※※謝罪のお知らせ※※
NqQVjQINBbM,【１周年】図太メンタルで駆け抜けろ！「息根とめる」のこれまでとこれから【迎えてしまった】
uZEPEOk4lPk,コースはおうち！マリオニャーーート！！はじめて遊ぶぞ【マリオカートホームサーキット】
0rfcmIoeZ5A,【エルデンリング】ハーバード式純魔攻略！！遺灰×近接武器×拳〇【深層組/息根とめる】
TrDblHsZbTo,【エルデンリング】ついにラスボス！！！！！！！！！うおあああああああああああ
5Q02sVELXOI,【パワプロ2022】頭脳がパワフル高校名監督爆誕！！【体罰はNG】
8xdhFq_jAiA,【聖地巡礼】日本語が消えた街、新大久保。
E0cRXtoHitE,【パワプロ2022】頭脳がパワフル高校！留年編！！！！！！【体罰はNG】
btmnAZRMa9k,【ケツだせ】3分で世界が終わる雑談【ケツケツ】
sZubGg4zsT4,メンヘラから逃げるな！！！【NEEDY GIRL OVERDOSE】
D8fUFSuTaTc,ソーシャルハイパークリティカル雑談
3OM_OmOoJlg,【社不適の教科書】現状の報告まとめ【真の１周年記念】
KKX3w4XYyc8,【風来のシレン5Plus】初めてのシレン！魅せます。
BJkiUSmFPk8,【なまいき】鳥取を征服する。【なまほしちゃん/息根とめる】
TDwKzjwCFSs,DWUを救いたい。
2Rn6NZJd8Fc,鳥取プチ旅行、裏話ざつだん！＋DWUお姉さまと会った
H5E230Tqgr0,【パワプロ2022】パワハラ高校！これでええんかナイン開幕！！【初心者】
B0VmAdETsiE,我こそが本物の「超天ちゃん」【NEEDY GIRL OVERDOSE】
T8hVm0kKCdQ,とめるMK2計画、始動。ついに口が動くように！
0xGkdWBhs5E,おじさん構文、送ってない？大丈夫？？【おじさんと遊ぼう】
av3XWWH8Y3Y,【FF10】はじめてのファイナルファンタジー10！【深層組/息根とめる】
zd7bNfAHVEw,【マリカ8DX】安全運転！酒を飲んで走る！ぞ！深層組/息根とめる】
wuh2KmXLvNg,【FF10】不純な動機で始めるファイナルファンタジー【深層組/息根とめる】
kXrq3pUPANo,【FF10】不純な動機で始めるファイナルファンタジー【深層組/息根とめる】
c08k3BKz210,【AI実写化】橋本〇奈になりたかった女児の末路【深層組/息根とめる】
ZkGgY2800b8,【挙手制】第2回とめラーお部屋コンテスト【最終回】
AvYsZNN-Qa8,【相談】ソロキャンするから計画ねるぞ！！！！！！！！！！
Uzvz9lstSpg,【FF10】不純な動機で始めるファイナルファンタジー【深層組/息根とめる】
jhNK-kmPjkA,【FF10】不純な動機で始めるファイナルファンタジー【深層組/息根とめる】
E58tsGherkg,【RFA】旧！！！！！！！！！！！【超美麗3D】
15qbE4JiAF4,【雑談】人生に追われている【3分で全てを終わらせる】
rCRlA12xX6M,【FF10】不純な動機で始めるファイナルファンタジー【深層組/息根とめる】
C--Y1Bm44Tw,【外ロケ】ソロキャンプするぞおおおおおおおおお！！！【#息根とめる】
E3bkSjts5dY,【雑談】キャンプたのしかった後日談！！！！【#息根とめる】
EgoGfeJYnjI,【STEAMゲー】NKODICE初心者です❤指示厨歓迎！ゆるく巡るぞ！！！！！！！！
Mx3H4sTjS5w,【FF10】不純な動機で始めるファイナルファンタジー【息根とめる】
2xtAcOmDmy4,【FF10】不純な動機で始めるファイナルファンタジー【息根とめる】
LbUlu64-u3w,【Minecraft】リスナー鯖視察しに行くぞ！！！！！！！！！
6uFPzNEIwfE,【自己防衛おじさん】占いあてにしちゃダメじゃない？
o02PjX4i2Qo,【FF10】不純な動機で始めるファイナルファンタジー【息根とめる】
x45IzeLLIp8,【挙手制】第2回とめラーお部屋コンテスト【本当の最終回】
gLn0BoZTeDs,【急募】映画デート何着ていけばいい！？
Vsc-_nJUsCo,１年間放置しているマシュマロと向き合う。
fXaigNkdK-Q,ねええええええええええええええええええええええええええええええええええええええええええええええええええええええええええええ
EXPEDLt86f8,思考盗聴されています【NEEDY GIRL OVERDOSE】
bw3kIuPqbFU,【デモンズソウル】ついにこの時が来た！！！！！！！！【息根とめる】
jP48ZcMm3WA,【デモンズソウル】草を刈って世界を救う【息根とめる】
ZL1zspja2Ng,【モンハン】うまれて１回も乙ったことない【ライズ/サンブレイク】
6SwAfmnQWRI,納豆雑談。３秒で終わる。
tyEZkK2ANzY,活動疱疹迷走してるから会議する
LlS7e9ekMyY,【デモンズソウル】ワォオオオオオオオオオオオオン【息根とめる】
jLfE2vJxFyM,【ゴーストオブツシマ】日本史偏差値３で遊ぶGhostofTsushima
0odEBhb6ODY,サクラや不正値上げに騙されない！プライムデーを勝利する。
WJActy12M10,【ゴーストオブツシマ】日本史偏差値３で遊ぶGhostofTsushima
lLrc3h5JhAk,【ゴーストオブツシマ】日本史偏差値３で遊ぶGhostofTsushima
Czw4tZ5Eiz4,【おうち3D】独身の人は見ないでください！絶対にガチ恋してしまいます！！
nW7XmlmJ_A0,【ゴーストオブツシマ】日本史偏差値３で遊ぶGhostofTsushima
vDRyUPZIS8Y,【ゴーストオブツシマ】対馬１の暴れん坊は・・・【GhostofTsushima】
F4f0Fjhfb3A,心のノート全巻無料！！！急げ！！！！！！！！！！！
ZFG2GI-CTCI,【破壊済】初チャレンジ！PC自作するぞ！！！！
_3hOHGLsjpo,PC自作リベンジ！動け動け動けええええええええええええええええ
FNQ6e7Pt8aM,【PC自作】動かない理由わかった！いざ秋葉へ！！！【息根とめる】
_uWzTEOEEoE,【ゴーストオブツシマ】はらわたを引き抜くのは・・・【GhostofTsushima】
bB9pduWkWsE,【PC自作】お願い動いて！！３度目の正直なるか・・・？？？？？？？？？？？？
QJo7UK9g-0c,【食べ比べ】餃子の王将VS大阪王将【息根とめる】
CTxVF6iTL0g,アアアアアアアアアアアアアアアアアアアアアアアアアアアアｱｱｱｱｱｱｱｱｱｱｱｱｱｱｱｱｱｱｱｱｱｱｱｱｱｱｱｱｱｱｱｱｱｱｱｱｱｱｱｱｱｱｱｱｱｱｱｱｱｱｱｱｱｱｱｱｱｱｱｱｱｱｱｱｱｱｱｱｱｱｱｱ
IupPdyowalg,配信はしたいが全てが間に合っていない二日連続でこんなの・・・・・・・・・・・・・
H08tJ6V2fm4,【ゴーストオブツシマ】トラウマ爆散【GhostofTsushima】
stx28iegnI0,ゴッドオブウォオオオオオオオオオオオオオオオオオオオオオオオオオオオオオオオオオオオオオオオ【God of War】
0A6gyS1GRMc,【midjourney】流行りのAIお絵描きツールで神絵師になる【息根とめる】
acCL3NioMq4,10年10割負担者が保険証入手するまで【息根とめる】
XZ69erI4RRQ,虫取りってなに持ってけばいい！？？【息根とめる】
JiVD-TUDYeM,クワガタ捕まえるまで帰らない！！！！【息根とめる/なまほしちゃん】
onZj8pdEZ3k,虫捕り大敗北。カブトムシもクワガタも・・・・・・【息根とめる】
4esA-BBJF5Q,【モンハン】HUD非表示しばりでアプデ攻略す！る！！サンブレイク【息根とめる】
iRKxKuCO_IE,10年ぶり！格安SIMってやつ買ってみた！これで外でも連絡取れる！！！！！【息根とめる】
1n4mk5efmZk,【モンハン】野良マルチでモンハンキッズ探す【息根とめる】
TxW76OdNMIA,引っ越し先がまたしても倉庫な件。【息根とめる】
7kayoAYi9RI,【心霊】人死んだホテルでひとりかくれんぼする。【息根とめる】
NsiPLm9sxaM,怖いって何！！！！！！！！！！！！！？？？失望した【息根とめる】
NFqqGf8tdpI,整形した
OfzWzvbwfzQ,【イキ丸】お化け拾ってきたコラボ後日談！【#寧々丸　#息根とめる　】
BywBnTKbcVU,心霊タクシー乗ってきた　#shorts
e9QlRuCI0WA,プチ・ホームレス再び（ガチ）
6juMgGwIStw,HEEEEYYEYAAAAAAAAAAAAAAAAAAAAAAAY　#shorts
40BjBl59J6A,引っ越ししたから紹介する！【ルームツアー】
6cxeXKZdmhg,【CERO:Z】最高のリョナゲーってマジ？？【メイドインアビス　闇を目指した連星】
bxsmwNvb05Y,【CERO:Z】三度の飯よりリョナが好き【メイドインアビス　闇を目指した連星】
pWUfANsyqQ0,自転車乗れるようになりたい。飯を作れるようになりたい。【#息根とめる 】
2UtnnrkPsVo,魚をしばいて刺身にする。【馬鹿が代クッキング】
OGYFWSlsaTU,【スプラ3】ガキを泣かす。
RL_zEPSCNPo,自炊に目覚めたい28歳独身女
1dnAw68KrnU,【超美麗3D】最強の配信部屋を手に入れた！!【防音室アビテックス】
cu6BJKVViFk,カレーって食べ物をご存じでしょうか？【馬鹿が代クッキング】
qv0Kh6KgS-c,【超美麗3D】黄金カレーを作るぞ！！！【馬鹿が代クッキング】
fWTBtpBw__g,【スプラ3】ガキを教育する。大人をなめるな・・・
Apo3A0AShp8,SCP財団に就職しました。【SCP：Secret Files】
_68iQMHJ3tQ,【おうち3D】とてもよく動く雑談！
Mpj79ve8_kU,【超美麗3D】30分で朝ごはん作って食べる！【馬鹿が代クッキング】
qeWkYnMY31U,【超美麗3D】視聴者が捕まえたイノシシを寧々丸ちゃんと食べる！！！【馬鹿が代クッキング】
rYPs-r_69BI,【ベヨネッタ】昇天させてくれ
WgEKoVqX80U,【SCP】そう、これは土器の子宮だ！！
0DcK_oqtbfM,【音ゲー】トローンボーン専攻卒（大嘘）【Trombone Champ】
HVNx4zgrapw,【超美麗3D】朝！おフレンチなトースト作る！！！【馬鹿が代クッキング】
kRzQ2i_TN64,【10万耐久】リングフィットから逃げるな！！！【#息根とめる】
i_W2HnivJI4,10万の女【#息根とめる】
O548kmFCToY,【ベヨネッタ】脱げば脱ぐほど強くなる。
rjHEo8oe9jk,習字の筆、カビさせなかった奴おる？
Rlnl98C0QWk,【超美麗3D】朝ごはん！30分で作って食べる！！【馬鹿が代クッキング】
FSBoreTTcKA,全員潰す。敵フィールドがDWUのAVになるスプラ3　#AVスプラ
yQQqF0lCMDw,息根とめる のライブ配信
PIVGDltnazo,昨夜の配信について
bq-A9rGbng4,【超美麗3D】フィジカル糞雑魚決定戦【深層体力測定】
NW1qUF2im28,息根とめるは燃えて死んだのですか？
k5Tqxdqo92Y,息根とめるは何をしたいのですか？
r-Wz4ZUiIgE,【公式/サブ】ティラノサウルスレース大山2023【ゲスト：息根とめる】