id,title,actual_start_time_jst,actual_end_time_jst,published_at_jst,duration
4OWiA5aGyB0,【#息根とめる】初配信！！！！！！！！！！！！【深層五女】,2021-04-26T19:53:12,2021-04-26T22:26:30,2021-04-26T22:34:51,2H33M10S
OGTHsIdlqAs,【APEX】Diaに行きたい,2021-04-27T19:49:51,2021-04-27T23:56:56,2021-04-28T00:18:34,4H6M58S
H8L7xr00kzQ,【MHR】狩り！！！！！！！！！！！！！！！！！【息根とめる】,2021-04-28T19:58:01,2021-04-28T22:59:39,2021-04-28T23:12:56,3H1M33S
cNJ3HxJyT60,【MHR】狩り！！！！！！！！！！！！！！！！！【息根とめる】,2021-04-29T19:56:33,2021-04-29T22:14:46,2021-04-29T22:27:12,2H17M48S
BYxicXj-xG0,【MHR】絶滅させるぞ！！！！！！！！【息根とめる】,2021-04-30T20:00:05,2021-04-30T22:29:14,2021-04-30T22:43:35,2H28M32S
9xBjNizT_HQ,【後編】DWU×息根とめる対談【深層家】,2021-05-01T19:58:46,2021-05-01T21:21:59,2021-05-02T09:28:18,1H23M7S
U_nDMo_0rBU,【モンハン】みんな絶滅しちゃった・・・・・・【息根とめる】,2021-05-02T19:59:38,2021-05-02T22:13:53,2021-05-02T22:30:35,2H14M12S
3c3EOUldAlM,【APEX】ランク終了間近！？？駆け込みsoloQ！！！！！！【息根とめる】,2021-05-03T19:59:41,2021-05-03T22:09:22,2021-05-03T22:17:47,2H9M40S
MH0bDRV8j_s,【うま娘】私の愛馬が！！！！！！！！【息根とめる】,2021-05-04T20:03:07,2021-05-04T22:18:44,2021-05-05T01:05:54,2H15M32S
HJiUl4C_XKg,【ウマ娘】たのしいウマ娘feat清楚大復活編【息根とめる】,2021-05-05T20:00:19,2021-05-05T22:03:17,2021-05-05T22:09:13,2H2M56S
gPXE77WkxFw,【深層家】DWUお姉さま♪あっそびっましょ♪♪【it takes two】,2021-05-06T19:58:25,2021-05-06T21:14:05,2021-05-07T09:18:27,1H15M36S
w1F1NXSRmKI,【実食】恐怖！本当にあった怖いマシュマロの話【息根とめる】,2021-05-07T20:00:52,2021-05-07T21:23:44,2021-05-08T09:31:15,1H22M49S
-ENSYCiL6Qo,【引きこもり】無職と学ぼ♪労働ってなに？？？？？？？？【社会不適合者】,2021-05-08T19:59:51,2021-05-08T21:25:56,2021-05-08T21:37:37,1H26M6S
2dqGC-Df8K8,【ゾンビって】バイオの時間だよ！！！！！！！！！！【息根とめれる？？】,2021-05-09T20:29:11,2021-05-09T21:29:20,2021-05-09T21:35:20,1H4S
hMf9OyFl9v0,【無職vs】今日は何の日か知ってる？？？？？【バイオ】,2021-05-10T19:59:57,2021-05-10T21:23:53,2021-05-10T21:32:14,1H23M49S
hrOVBzw-wdk,【無理なものは】マ！！！！！！！！！！！！！！【だいたい無理】,2021-05-11T20:00:14,2021-05-11T22:07:54,2021-05-11T22:19:40,2H7M39S
JFSzealpT_A,【明日面接】緊急会議！！！相談したい【息根とめる】,2021-05-12T20:00:07,2021-05-12T21:29:42,2021-05-12T21:57:17,1H29M34S
y0MZo9E-wx0,【社不適姉妹】無職×生活保護【なまほしお姉ちゃん】,2021-05-14T19:58:45,2021-05-14T21:25:25,2021-05-14T21:33:05,1H26M37S
3Ox-ITvYwWQ,【無職】人生初面接行ってきた！！＋来るべき日に備える【息根とめる】,2021-05-15T19:59:43,2021-05-15T21:28:56,2021-05-15T21:43:18,1H29M11S
t0oRTCyfRNI,【余裕の】英語カタカナ外来語喋ったら即終了。【よっちゃん】,2021-05-16T19:02:40,2021-05-16T19:07:30,2021-05-16T19:08:07,4M35S
ek1LK05GNjk,【龍が如く】ヤのつく職は野菜屋さん♪♪【息根とめる】,2021-05-17T20:15:20,2021-05-17T22:06:48,2021-05-17T22:39:22,1H51M28S
KnbE14sKnrM,【収益化】ありがと！！！！！！！！久しぶりの雑談【通っちゃった】,2021-05-19T19:59:54,2021-05-19T21:24:53,2021-05-19T21:47:03,1H24M56S
0U_-w_tyNKo,【深層45姉妹】バカンスに来た！！！！！！！【クッコロお姉ちゃん】,2021-05-20T20:01:17,2021-05-20T21:35:29,2021-05-20T21:48:52,1H34M8S
KL9ojqWJ_ls,【富豪】バイオ8をぶっ壊す【全知全能の神】,2021-05-21T19:59:35,2021-05-21T22:00:33,2021-05-21T22:17:01,2H54S
_0iYfqR3ZgQ,【正気か】社会ってマジで意味がわかんね～～～【狂気か】,2021-05-22T20:00:02,2021-05-22T22:02:07,2021-05-22T22:12:39,2H2M3S
5JwnkyiLGf8,【バイオ8】作っちゃった、世界【全知全能の神】,2021-05-23T20:00:14,2021-05-23T22:16:50,2021-05-23T22:37:05,2H16M16S
bZ_X1o_HazI,【マ。】明日火曜日は配信な～～～～～し！【息根とめる】,2021-05-24T20:04:44,2021-05-24T22:01:22,2021-05-24T22:21:05,1H56M37S
9P0udAfthAw,【スパッチャ読】ありがとうのア！！！！！！！！【息根とめる】,2021-05-25T21:31:03,2021-05-26T02:21:38,2021-05-26T02:44:53,4H50M
Rz-GTf1Lei8,【耐久】雑談＋ほんのすこしの運動！！！！！！！【3万行くまで】,2021-05-28T20:00:14,2021-05-28T22:19:03,2021-05-28T22:27:53,2H18M44S
A1gJyzg_7CI,【ヤ】耐久最後までお付き合い頂きありがとうございました ٩(ˊᗜˋ*)و【バイオハザード】,2021-05-29T19:59:54,2021-05-29T23:38:18,2021-05-30T00:14:31,3H38M21S
-z-IeHeH5HE,ゾンビはゾンビでもゾンビなゾンビってゾ～ンビ♪,2021-05-31T20:00:49,2021-05-31T23:38:52,2021-05-31T23:55:18,3H37M56S
ghruVNw6N-k,【ヤ】クリアするまで　その①【バイオ8】,2021-06-01T20:00:30,2021-06-01T23:04:23,2021-06-01T23:21:07,3H3M40S
K2Hbzxx_PfI,ハイゼン爺～クリアーするまで！【バイオ8】,2021-06-03T20:01:15,2021-06-04T01:47:19,2021-06-04T02:14:24,5H45M56S
NP3FAQcM4h8,マ。のお時間＋明日の告知「初」公開,2021-06-04T20:01:34,2021-06-04T21:58:59,2021-06-04T22:18:13,1H57M22S
WNumlYZcrxI,SEKIRO　TIMEEEEEEEEEEEEEEEEEEE,2021-06-06T20:00:02,2021-06-06T22:19:51,2021-06-06T22:41:04,2H19M51S
sFtT4U-hufs,恥マンデイ～～！SEKIRO #2,2021-06-07T20:00:26,2021-06-07T22:02:29,2021-06-07T22:31:05,2H1M52S
L7W8zee94nw,死んだことない　SEKIRO #3,2021-06-08T20:01:00,2021-06-08T22:05:19,2021-06-08T22:18:12,2H4M20S
JNLG8lYXTNc,雑談！すいすいバカンすい～～♪,2021-06-09T20:01:29,2021-06-09T22:16:55,2021-06-09T22:51:14,2H15M22S
AQBinChpvAU,明日のお知らせ,2021-06-10T20:01:51,2021-06-10T20:17:21,2021-06-10T20:18:58,15M19S
b1f1R9FI52c,【誰でも参加可】スーパーボンバーマン R オンライン【負ける気せん】,2021-06-11T19:59:54,2021-06-11T22:09:48,2021-06-11T22:26:40,2H9M54S
0petd02Znec,【なまいきロリ組】貧乏は状態 貧困は解釈　#3,2021-06-12T20:00:03,2021-06-12T21:43:16,2021-06-12T21:58:58,1H43M13S
zQPpTmgMVtM,良き母とは？,2021-06-13T19:59:50,2021-06-13T21:02:55,2021-06-13T21:09:02,1H3M5S
_u-iDvY73y4,【SEKIRO】め～～～すけどこ～～～～～～～～～,2021-06-14T20:00:12,2021-06-15T00:49:52,2021-06-15T01:23:48,4H49M3S
XKyAbHZ2BNE,【SEKIRO】ジャングル王者決定戦【猿VS猿】,2021-06-16T20:01:00,2021-06-16T21:50:21,2021-06-16T21:59:48,1H49M19S
Y5HA-z6iK14,動け動け動け動け動いてよ！！！！！！！！！！！！！！,2021-06-18T20:00:21,2021-06-18T20:52:43,2021-06-18T20:56:49,52M20S
H6UKdeyJyFk,【GTA5】ヒャッハー！！！！！！！！！！！！！！！！！！,2021-06-19T20:01:17,2021-06-19T21:55:33,2021-06-19T22:07:25,1H54M17S
0xgfVdxarAU,【NKODICE】「ボロン」するまで帰らせない。【深層345妹】,2021-06-20T19:56:57,2021-06-20T21:19:45,2021-06-20T21:35:26,1H22M44S
z6CTLmJqLMs,世界を創り、壊す。,2021-06-21T16:11:58,2021-06-21T16:33:17,2021-06-21T16:35:57,21M19S
BhOySROzneM,【GTA5】本日1回目の配信：D,2021-06-21T20:01:38,2021-06-21T22:02:12,2021-06-21T22:20:34,2H31S
vJCtEmxdL_8,デビューさせたいモノがある,2021-06-22T20:01:25,2021-06-22T20:38:03,2021-06-22T20:42:55,36M40S
u4bOsspnqHw,【GTA5】世界が平和になりますよ～～～に！,2021-06-23T19:59:48,2021-06-23T21:59:43,2021-06-23T22:24:21,1H59M58S
ozsSnrXwOSI,【ポケモンユナイト】LoL歴9年スラム育ち,2021-06-24T20:31:04,2021-06-25T01:29:10,2021-06-25T01:59:12,7S
XvsJQw7oU3E,【誰でも参加可】第2回！スーパーボンバーマン R オンライン【負ける気せん】,2021-06-25T20:00:20,2021-06-25T21:30:10,2021-06-25T21:44:06,1H29M53S
noRz0aEwaxo,おもひで、ぼろぼろ。,2021-06-27T19:59:03,2021-06-27T21:19:10,2021-06-27T21:33:34,1H20M7S
MSaEVT-oMTM,RFAする。,2021-06-28T04:06:20,2021-06-28T04:22:02,2021-06-28T04:23:31,15M34S
JZmrh2sIA_4,【GTA5】　金、暴力、炎上。,2021-06-28T20:03:22,2021-06-28T21:52:28,2021-06-28T22:12:29,1H49M5S
Ii1lTh2nalQ,【マダミス】亡霊島殺人事件コズエ視点【ネタバレ有り】,2021-06-29T20:57:27,2021-06-29T23:33:03,2021-06-29T23:52:38,2H35M35S
RH1pLokUmm0,昨日の反省会。,2021-06-30T20:00:08,2021-06-30T22:01:07,2021-06-30T22:16:38,2H54S
JhhmNS9PE-M,連れてかれそう。,2021-07-01T18:24:35,2021-07-01T18:58:32,2021-07-01T19:03:57,33M59S
Wk0-LSFpUjs,戦う前に敵を知る。,2021-07-02T20:00:37,2021-07-02T21:41:32,2021-07-02T21:49:12,1H40M57S
qv5D7iGMY1s,生殺与奪の権をクソガキに握らせるな【トロッコ問題 of アルマゲドン】,2021-07-04T20:00:36,2021-07-04T21:41:11,2021-07-04T21:57:09,1H40M36S
PNHaPQNCN5A,世界は悪い大人で溢れてる【GTA5】,2021-07-05T20:00:51,2021-07-05T21:24:40,2021-07-05T21:30:55,1H23M50S
twauNTyQ3dQ,お料理の時間だー！！！！！！！！！,2021-07-07T20:07:28,2021-07-07T23:20:33,2021-07-07T23:48:04,3H13M
7jKsKJA6TCA,【GTA5】「愛」がなくちゃね,2021-07-09T20:00:52,2021-07-09T22:14:05,2021-07-09T22:30:01,1H57M53S
oqIUqi9QqSY,ブリブリブー,2021-07-10T20:15:45,2021-07-10T21:07:49,2021-07-10T21:14:22,52M12S
7kzymmdw0NE,【なまいきロリ組】ほのぼの、ざつだん。　#5,2021-07-11T20:00:25,2021-07-11T21:40:13,2021-07-11T21:48:18,1H39M49S
9Ozo4V6dRQk,みんなでザリガニつったゲリラうん爆すぱちゃ黄泉,2021-07-13T00:33:48,2021-07-13T04:05:21,2021-07-13T04:14:50,3H31M39S
GzKs19olmJc,ザリガニ釣れた？？,2021-07-13T19:28:44,2021-07-13T19:32:00,2021-07-13T19:32:59,3M19S
ZWz0HaaXxUA,【AION】12年前のMMOであそぶ【魔族】,2021-07-14T20:01:18,2021-07-14T22:03:09,2021-07-14T22:16:37,2H1M49S
FQ_YzFbVHoY,【APEX】無職だけどCRカップに出たい！！！！！！！！！！！！,2021-07-15T20:01:03,2021-07-15T23:20:16,2021-07-15T23:56:36,3H19M12S
BQmck0slsy8,お知らせとお知らせとお知らせとお知らせ,2021-07-19T20:01:25,2021-07-19T21:23:12,2021-07-19T21:41:16,1H21M51S
vjDz1VvZ0Qc,【ポケモンユナイト】LoL歴9年スラム育ちMOBAガキ,2021-07-21T19:56:35,2021-07-21T22:46:24,2021-07-21T23:02:54,2H49M57S
Jj-Nddjz41g,【ポケモンユナイト】ウッウを信じろ！！！！！！！！！！！,2021-07-22T05:08:20,2021-07-22T08:48:19,2021-07-22T09:44:04,3H39M54S
yt03Oe2rKQ8,【ユナイト】ランク回す！！！！！！！！！！！！,2021-07-22T20:08:35,2021-07-23T02:07:00,2021-07-23T02:34:51,5H58M24S
Wvaq0izjqng,！今週の予定！,2021-07-26T17:27:07,2021-07-26T17:59:26,2021-07-26T18:04:08,32M19S
HiXQFKJmH8k,3秒で終わるゲリラ　,2021-07-28T18:01:29,2021-07-28T18:06:15,2021-07-28T18:07:36,4M51S
Q-X7X-vQoVs,【APEX】寧々丸ちゃんなまほしちゃんと暴れる！！,2021-07-29T20:01:16,2021-07-30T00:28:04,2021-07-30T01:09:22,4H26M34S
AUqq4mhZdds,【SuchArt】V界のルソーといえばこの私！【お知らせ】,2021-07-30T19:59:34,2021-07-30T22:03:26,2021-07-30T22:22:34,2H3M53S
JOtNYdwRzWg,24時間→3秒,2021-08-01T09:32:19,2021-08-01T10:09:14,2021-08-01T10:15:09,37M6S
D3zmlqhUNF4,寝た子は居ないんですか？差別ですよ差別,2021-08-04T22:34:36,2021-08-04T23:37:56,2021-08-04T23:47:26,1H3M25S
WpgvOCtzq5I,【PACIFY】夏といえば、やっぱりホラー！【寧々丸ちゃんなまほしちゃん】,2021-08-04T23:59:35,2021-08-05T02:07:37,2021-08-05T02:25:37,2H7M58S
E1jOQnI4fKg,今日の配信　,2021-08-05T19:23:23,2021-08-05T19:24:01,2021-08-05T19:25:08,38S
YfwIydmy5Us,【APEX】新シーズンチラ見しにいく,2021-08-06T06:15:44,2021-08-06T06:16:28,2021-08-06T06:17:15,38S
dcK0807JwdU,【APEX】新シーズンチラ見しにいく,2021-08-06T06:17:27,2021-08-06T08:04:23,2021-08-06T08:13:10,1H46M51S
ZCYts9IbUnM,【ローモバ】夏だ！海だ！！企業案件だー！！！【DWU先生×息根とめる】,2021-08-07T20:54:14,2021-08-07T22:21:55,2021-08-07T22:30:46,1H27M39S
Yj6MZjd6x-g,【EnderLilies】生きてる人間のがよっぽど怖い【ファイナル爺】,2021-08-06T20:01:14,2021-08-07T07:57:37,2021-08-07T22:53:55,11H55M
MYJJwbUIK10,【APEX】3度の飯よりsoloランクが好き【新シーズン】,2021-08-08T20:02:09,2021-08-09T01:45:34,2021-08-09T02:33:37,5H43M23S
y4GE-fIz62k,【EnderLilies】起きたら国滅んでた,2021-08-09T20:03:17,2021-08-09T21:40:45,2021-08-09T21:49:26,1H37M30S
4e-i9BHZB-g,【APEX】ランクへ行く,2021-08-10T19:57:03,2021-08-10T21:29:52,2021-08-10T21:46:00,1H32M44S
Xt5zsFl8qa8,【エヴァンゲリオン序】同時視聴予習の会①,2021-08-11T00:00:37,2021-08-11T02:00:55,2021-08-11T02:11:55,2H8S
g67Eob3etYU,はじめての、アモアスコラボ,2021-08-11T20:59:04,2021-08-11T23:23:27,2021-08-11T23:38:57,2H24M21S
unRyrtfuGbs,【同時視聴】エヴァンゲリオン新劇場版：破【するぞ！】,2021-08-12T00:01:36,2021-08-12T02:07:30,2021-08-12T02:20:26,2H5M52S
gcWzLW3JLvA,【NARAKA】切り捨て御免！！！！！！！,2021-08-12T20:03:41,2021-08-12T23:42:31,2021-08-13T00:17:46,3H38M52S
x5jkqNXgv1M,【同時視聴】エヴァンゲリオン新劇場版：Q,2021-08-13T00:03:13,2021-08-13T01:53:02,2021-08-13T02:08:44,1H49M51S
516KD-fnm58,【同時視聴】シン・エヴァンゲリオン劇場【最終回】,2021-08-13T20:02:42,2021-08-13T23:09:32,2021-08-13T23:25:50,3H6M50S
1YUommVZ3mA,牛って、なに？,2021-08-14T20:01:41,2021-08-14T20:05:04,2021-08-14T20:06:16,3M25S
16jjzhN0aGw,【お料理】牛タン焼いても家焼くな【超最新鋭3D】,2021-08-15T20:01:36,2021-08-15T21:37:21,2021-08-15T21:48:57,1H35M46S
29gd2sUUvZE,【APEX】戦争【ランク】,2021-08-16T20:00:47,2021-08-16T21:06:17,2021-08-16T21:19:42,1H5M25S
sfEyDqYuie0,ローモバ作戦会議,2021-08-17T20:00:20,2021-08-17T20:21:02,2021-08-17T20:34:07,20M45S
nj3StTDMOh4,【LobotomyCorporation】お母さん、大好き！,2021-08-18T20:01:27,2021-08-18T23:04:10,2021-08-18T23:47:10,3H2M43S
0YYx5sENXIA,【Ancestors】うまれる時代、間違ったかも,2021-08-19T20:00:20,2021-08-19T22:40:50,2021-08-19T23:09:45,2H40M27S
Z7eYWKq6jXQ,【Ancestors】早く人間になりたい！！！！！！！,2021-08-20T20:10:42,2021-08-20T22:19:23,2021-08-20T22:30:05,2H8M38S
r6fbzBCKtbo,【ローモバ】夏だ！戦だ！下剋上だー！！！【DWU先生×息根とめる】,2021-08-21T21:00:29,2021-08-21T22:18:23,2021-08-21T22:34:03,1H17M54S
39aQiuTsyis,【今酒ハクノ】賭けクズ一番！人の金で狂うギャンブルは最高！！【息根とめる】,2021-08-22T14:30:38,2021-08-22T16:16:11,2021-08-22T16:26:13,1H45M32S
IHtUwLL3kU8,【Ancestors】血を絶やせ！ヒトが存在しない世界線,2021-08-24T20:01:57,2021-08-24T21:43:56,2021-08-24T21:59:44,1H41M52S
eeieYEUzg1k,【RFA】ちからが、ほしい。,2021-08-25T20:17:01,2021-08-25T20:53:42,2021-08-25T21:00:36,36M39S
eol2kSempe8,第1回とめラーお部屋コンテスト！！！！！！！！,2021-08-27T20:00:43,2021-08-27T21:54:05,2021-08-27T22:09:43,1H52M41S
JuDQtAnhkk0,【浮浪生活】ただいまー！！！！！！！！！！！【Bum Simulator】,2021-08-29T19:59:31,2021-08-29T20:58:04,2021-08-29T21:08:25,58M41S
UC6pCxUysBI,病院行ってきた,2021-08-30T20:03:18,2021-08-30T21:36:04,2021-08-30T21:42:51,1H32M45S
WQg1zUMqujQ,なにもないはいしん,2021-08-31T19:59:51,2021-08-31T21:27:18,2021-08-31T21:49:17,1H27M25S
ESzErygxsC4,【浮浪生活】ペロッ・・・これは、殺鼠剤！！！【Bum Simulator】,2021-09-01T20:00:12,2021-09-01T21:44:20,2021-09-01T22:03:58,1H44M10S
6Ci_4EH9CkM,第1回とめラーお部屋コンテスト後半戦！！！！！！！！,2021-09-03T19:59:44,2021-09-03T22:39:28,2021-09-03T22:59:50,2H39M38S
zIyPZIBBRc8,【初配信】初めまして！息根とめるです♪【自己紹介】,2021-09-24T19:59:11,2021-09-24T20:47:35,2021-09-24T20:51:33,48M19S
vAm28xU7Spc,【競馬】社不な馬がいるらしい！！！！！！！！！！！【神戸新聞杯】,2021-09-26T15:12:59,2021-09-26T15:48:31,2021-09-26T15:51:31,35M25S
Zb_m-Tw6mH8,【みんなのリズム天国】音ゲー？そんなの余裕っしょ！【元音大生】,2021-09-28T19:59:02,2021-09-28T21:36:37,2021-09-28T21:51:45,1H37M36S
EmZotvqjVZM,【Minecraft】ゲームの中ぐらい豪邸に住みたい！夢みたい！！【初見】,2021-09-29T20:01:57,2021-09-29T21:58:51,2021-09-29T22:42:11,1H56M40S
kWQoBH_cjCo,【APEX】はじめての大会参戦！#ぼっTNPWIN【NSL杯本番】,2021-10-01T20:02:44,2021-10-02T00:47:32,2021-10-02T01:13:01,4H43M45S
Ern9-pAIcrk,【ペット紹介】ペットみて癒されよう！！！,2021-10-02T19:59:33,2021-10-02T20:06:21,2021-10-02T20:07:47,6M40S
dm3nL0bYzKQ,【ペット紹介】ペットみて癒されよう！！！,2021-10-02T20:08:56,2021-10-02T22:09:43,2021-10-02T22:23:53,2H47S
WB-LVcXlbPY,【AnimalFightClub】最強のキメラ軍団を作る！！！,2021-10-03T19:59:46,2021-10-03T21:16:39,2021-10-03T21:25:29,1H16M52S
qkswpF8gyqg,【みんなのリズム天国】寝てても勝てる！！！！！！【その２】,2021-10-04T20:01:32,2021-10-04T21:31:28,2021-10-04T21:42:22,1H29M57S
KhzoaIEpJn8,【Minecraft】ついに深層鯖始動！＋リスナー鯖へ視察に行く。【#深層サーバー】,2021-10-05T20:01:39,2021-10-05T21:15:28,2021-10-05T21:21:51,1H13M47S
rftpNCCAnk4,【Minecraft】焼き肉焼いても人焼くな #Shorts】,,,2021-10-07T09:45:41,21S
Tt847nyUsP0,歯医者の作法を教えて,2021-10-08T20:00:12,2021-10-08T21:39:29,2021-10-08T21:55:33,1H39M19S
o22ZLS4YaZk,とめるより虫歯の本数多いやつ居る？笑,2021-10-09T18:00:58,2021-10-09T18:59:24,2021-10-09T19:06:49,58M19S
EECpSfOZ63I,【fingger】コメント連動ゲームって何？？【視聴者参加型】,2021-10-11T19:58:41,2021-10-11T21:09:17,2021-10-11T21:14:50,1H10M33S
zx9AvJ_O-2E,【Minecraft】ネザー行くぞ！！！！！！！！！【#深層サーバー】,2021-10-13T20:00:37,2021-10-13T22:29:09,2021-10-13T22:45:44,2H28M36S
7Ys-Y2n_kDY,【ハッピークズトピア】居留守すな！！！！！！！！！！！！！！！！,2021-10-14T19:59:48,2021-10-14T21:45:50,2021-10-14T22:03:58,1H45M55S
qu9dw1ygfSA,【SurvivalQuizCITY】天下一頭が良いV選手権優勝！！！！！！！！,2021-10-16T19:58:41,2021-10-16T21:57:31,2021-10-16T22:17:24,1H58M44S
06Fhp9JxMf0,【fingger】好き勝手うたせて既成事実を作ろう！【視聴者参加型】,2021-10-17T20:59:27,2021-10-17T22:16:29,2021-10-17T22:27:39,1H17M1S
sAV3OsSO018,【Minecraft】地獄の回転寿司屋つくりたい！！！！【#深層サーバー】,2021-10-18T20:01:37,2021-10-18T22:20:49,2021-10-18T22:36:21,2H19M12S
fPbFcByf7U4,【APEX】練習カスタム！明日本番！！！！【なまいき丸】,2021-10-19T20:00:20,2021-10-19T22:42:02,2021-10-19T22:51:50,2H41M19S
dq6hage0UOM,【APEX】練習＋カスタム本番当日【なまいき丸】#星めぐりカスタム,2021-10-20T20:05:07,2021-10-20T22:26:37,2021-10-20T22:59:47,2H21M34S
X8PUDti7ocI,【Minecraft】げえりいらあああああああ【#深層サーバー】,2021-10-21T16:48:02,2021-10-21T19:30:21,2021-10-21T20:06:31,2H42M13S
8SvnCpbtTsE,【みんなのリズム天国】好↑き↑なんです！！！！！！！！【その3】,2021-10-21T20:02:07,2021-10-21T21:33:05,2021-10-21T21:53:09,1H30M59S
Da1RCDjE6w0,【fingger】白黒、つけるぞ。【視聴者参加型】,2021-10-22T20:00:56,2021-10-22T21:11:06,2021-10-22T21:17:59,1H10M11S
bGUZd6AH-bM,【Eronoctosis】2人は社不適！R指定ゲー遊ぶ！！【三星ナナミ＆息根とめる】,2021-10-24T20:01:02,2021-10-24T21:53:57,2021-10-24T22:21:53,1H52M52S
oh-7_-sFO7s,【Minecraft】誰か、とめるを、救って【#Shorts】,,,2021-10-26T06:37:16,15S
569PbEfOZWw,【雑談】同居人を紹介します！！！！！！！！,2021-10-26T20:04:09,2021-10-27T00:04:23,2021-10-27T00:37:35,4H10S
kyshhkrfdHo,【みんなのリズム天国】そろそろつけますか、決着【その4】,2021-10-28T20:04:23,2021-10-28T23:17:45,2021-10-28T23:37:43,3H13M26S
cUuUx3aO1Vc,【相談】プロジェクトメイクとめる,2021-10-29T20:01:31,2021-10-29T21:42:08,2021-10-29T21:59:25,1H40M39S
CuA1n9pSFTE,【Minecraft】深層鯖に新たな参戦者が！？？？？？？？【#深層サーバー】,2021-10-30T20:01:00,2021-10-30T22:02:47,2021-10-30T22:25:42,2H1M45S
8ONXQ5ppxPA,【薔薇と椿】ビンタ、それは深層家のたしなみ,2021-10-31T20:18:01,2021-10-31T20:54:34,2021-10-31T20:59:24,36M28S
ck9-MsTf17M,噴火した,2021-11-01T21:02:21,2021-11-01T21:21:06,2021-11-01T21:25:14,18M6S
Kd2PZZKRFq0,【APEX】楽しむぞ！南国！！！！！！！！,2021-11-03T20:00:25,2021-11-03T21:24:22,2021-11-03T21:36:35,1H23M53S
ddXONldl-DE,【芸術】目指せルーヴル美術館！！！！！【の秋】,2021-11-06T00:03:16,2021-11-06T00:58:22,2021-11-06T01:03:55,55M6S
1ka2N-YuFfc,【APEX】カスタム顔合わせ！！！【こはく×とめる】,2021-11-06T15:01:41,2021-11-06T16:21:49,2021-11-06T16:46:36,1H20M9S
WAwHtGTGypg,【APEX】まほROKU大会本番！【なまいき丸】,2021-11-07T18:00:29,2021-11-07T21:24:20,2021-11-07T21:43:09,3H23M50S
ppY5i-ux1wo,【APEX】てぇてぇカスタム！やるぞ！！！【こはく×とめる】,2021-11-08T20:59:15,2021-11-09T00:06:17,2021-11-09T00:29:18,3H6M58S
3ykGTr4E6zA,【APEX】力が、ほしい・・・！！！【半分雑談】,2021-11-09T00:29:49,2021-11-09T02:55:03,2021-11-09T03:05:47,2H25M10S
iCnGrbhOebs,眠すぎて何もできない,2021-11-09T19:59:42,2021-11-09T21:39:12,2021-11-09T21:47:30,1H39M23S
bEh2UhMNlMY,【HITMAN3】実は本業、【ニコ生主は廃業】,2021-11-11T20:03:15,2021-11-11T21:04:31,2021-11-11T21:14:30,1H1M14S
bQAwUWs7kx0,【なまいき】生まれてよかった！生きててよかった！死んだらなお良し！！　#7,2021-11-12T20:01:41,2021-11-12T21:25:08,2021-11-12T21:38:47,1H23M27S
bpgpQSntqns,【BF2042】撃って撃って撃って撃つ！！,2021-11-14T02:08:42,2021-11-14T05:50:18,2021-11-14T06:08:15,3H41M34S
IsGSGwUWahw,【BF2042】爆発オチなんて最低！！！！！！！,2021-11-14T19:02:33,2021-11-14T23:43:38,2021-11-15T05:29:31,4H41M3S
3ZOfLbnnmb8,タイトルまま,2021-11-15T20:02:11,2021-11-15T20:46:15,2021-11-15T20:50:39,43M59S
2gJqfXG5irU,【Ruined King】世界一「平和」なゲームがRPGになったらしい！！！【LoL×RPG】,2021-11-17T20:01:20,2021-11-17T22:17:28,2021-11-17T22:44:51,2H16M10S
ZOdlXNKGg0M,【ポケモン】ブリブリブリリリリリリリリリリリ【ダイパリメイク】,2021-11-19T00:04:21,2021-11-19T03:13:19,2021-11-19T03:32:17,3H8M57S
c3kpns53Ct4,【ポケモン】「はじめて」のポケモン、どの子？？【ダイパリメイク】,2021-11-19T20:02:03,2021-11-19T22:00:08,2021-11-19T22:26:38,1H58M2S
gbp3ukCzK-w,【ポケモン】わるいポケモン【ダイパリメイク】,2021-11-20T18:04:09,2021-11-20T20:00:45,2021-11-20T20:11:51,1H56M37S
rq8mkdfkQjA,【ポケモン】とてもとてもわるいポケモン【ダイパリメイク】,2021-11-21T15:07:45,2021-11-21T22:42:38,2021-11-21T23:37:29,7H34M47S
QshvOb1XA1o,【ポケモン】なにものかに、コントロールされている【ダイパリメイク】,2021-11-22T20:02:50,2021-11-22T22:01:50,2021-11-22T22:13:26,1H59M1S
QlZyt5LD4ls,【ポケモン】駆け抜けるぞ！！！！！！！【ダイパリメイク】,2021-11-23T20:02:40,2021-11-23T23:04:35,2021-11-23T23:18:43,3H1M52S
ZrTA37ePOiM,【ポケモン】行くぞ行くぞ行くぞ行くぞ行くぞ！！【ダイパリメイク】,2021-11-24T20:01:40,2021-11-24T22:03:09,2021-11-24T22:15:00,2H1M24S
4yr20sJtMvg,【ポケモン】今日こそテッペンとるから！！マジで【ダイパリメイク】,2021-11-26T19:00:51,2021-11-26T23:48:39,2021-11-27T00:20:14,4H47M48S
NbYPZyBGyKE,【ポケモン】リベンジマッチ！待ってろシロナ！！！【ダイパリメイク】,2021-11-27T20:02:12,2021-11-27T21:44:07,2021-11-27T21:54:34,1H41M53S
8oyHl_e-hz4,【GeoGuessr】迷子迷子迷子迷子迷子迷子迷子迷子迷子迷子迷子,2021-11-28T20:01:19,2021-11-28T21:26:33,2021-11-28T21:40:09,1H25M9S
⭐️eD-CuI1firk,【VRカノジョ】女だーーーッ！！！！！！！！！！,2021-11-29T20:14:48,2021-11-29T20:42:20,2021-11-29T20:48:24,27M27S
EzNb5YpQHyw,頭が…頭が・・・・・・・・・・,2021-12-02T20:19:18,2021-12-02T22:03:56,2021-12-02T23:43:38,1H44M31S
UzEBLa7Q46E,【DARKSOULS】初見でらくらく勝っちゃうダクソ【リマスター】,2021-12-04T15:00:47,2021-12-04T23:36:24,2021-12-05T00:44:23,8H35M33S
FbnWnlPJzRU,【DARKSOULS】初見でらくらく勝っちゃうダクソ【180回死んだねこれ】,2021-12-05T15:01:46,2021-12-06T00:11:28,2021-12-06T03:21:02,9H9M37S
W1W4jz6QeVU,【やわらかあたま塾】天才チンパンジー11歳とめちゃん,2021-12-06T20:01:01,2021-12-06T22:11:26,2021-12-06T22:37:55,2H10M24S
pVyc3ATNvG0,【VRカノジョ】女女女女女だーーーッ！！！！！！！！！！,2021-12-07T20:19:58,2021-12-07T21:02:37,2021-12-07T21:05:58,42M37S
L9Ft0YUYYoI,【ポケモン】伝説全部とめるのもの！！！！！！！【ダイパリメイク】,2021-12-09T20:01:30,2021-12-09T22:14:10,2021-12-09T22:35:09,2H12M32S
Zw9yvarW4q8,【ポケモン】バトルタワー登るぞー！！！【ダイパリメイク】,2021-12-10T19:59:38,2021-12-10T21:22:30,2021-12-10T21:28:16,1H22M49S
9z0WCo9Eh00,【DARKSOULS】初見ですいすい勝ったり勝たなかったり勝ったりする【180回死んだねこれ】,2021-12-11T15:01:49,2021-12-11T20:09:13,2021-12-11T20:52:33,5H7M21S
1R4SfihcCj0,【コラボ】ラップコラボ後日談。ハクノ公子×DWUとめる,2021-12-11T21:01:50,2021-12-12T01:35:23,2021-12-12T01:56:43,4H33M22S
jQnRoS9tnqc,引っ越しするのでイキり雑談する,2021-12-13T20:00:47,2021-12-13T21:17:09,2021-12-13T21:25:30,1H16M24S
5d-uHvUfYlE,【ポケモン】10000000連勝する【ダイパリメイク】,2021-12-14T20:01:28,2021-12-15T05:39:08,2021-12-15T06:23:48,9H37M22S
DtUa6WahlmY,【リトルナイトメア】お母さんとどっちの方が怖い？？,2021-12-16T19:59:51,2021-12-16T23:33:45,2021-12-16T23:55:54,3H33M54S
a1pwUSpykuY,【DARKSOULS】初見ですいすい勝ったり勝たなかったり勝ったり勝たなかったりする【180回死んだねこれ】,2021-12-18T12:00:33,2021-12-18T23:37:17,2021-12-19T00:37:33,11H36M41S
f13nTu1q5lo,【DARKSOULS】初見ですいすい勝ったり勝たなかったり勝ったり勝たなかったりする【300回死んだねこれ】,2021-12-19T12:01:23,2021-12-19T19:51:19,2021-12-19T20:45:16,7H49M52S
vcr4WnE2PiQ,【TheBabyInYellow】赤ちゃんとの遊び方、練習する！！！！！！,2021-12-20T20:30:36,2021-12-20T21:38:16,2021-12-20T21:44:08,1H7M33S
LHf_OBRKjtc,【ThiefSimulator】とめるは大変なものを盗んでいきました,2021-12-21T20:02:06,2021-12-21T21:12:30,2021-12-21T21:21:00,1H10M23S
0hxBLvnii1Y,【続行】ボロライブ行くぞ,2021-12-25T00:56:57,2021-12-25T01:55:26,2021-12-25T02:42:37,58M32S
NGrBPX5d28E,感謝の正拳突き【クリスマス中止のお知らせ】,2021-12-24T23:19:29,2021-12-25T00:29:14,2021-12-25T02:42:39,1H9M50S
uNZ_x7b7HPM,虫が歩いてない部屋ってあるんだ,2021-12-25T20:20:08,2021-12-25T22:06:02,2021-12-25T22:24:45,1H45M53S
56WFZjn33o0,【DARKSOULS】いっぱいしぬぞおおおお！！！！！！！！！！！！！！！！！！！！！！！！【527回死んだねこれ】,2021-12-26T12:14:21,2021-12-26T21:58:10,2021-12-26T23:20:58,9H43M46S
yFZI6bDvScc,3分で終わる忘年会！！！！！！,2021-12-28T20:03:45,2021-12-28T20:44:12,2021-12-28T20:48:30,40M25S
Ob1P9yaKhVA,【DARKSOULS】ラスボス＋DLCやるぞ！！！！！！！！【504回死んだねこれ】,2021-12-29T15:15:42,2021-12-29T21:03:55,2021-12-29T21:39:01,5H48M12S
VYhJvl0ZT_8,【DARKSOULSⅡ】転生したらまた亡者だった件【初見プレイ】,2021-12-30T15:02:31,2021-12-31T02:50:02,2021-12-31T03:48:39,11H45M40S
U2p5gJ503zs,【年越し雑談】振り返ったり返らなかったりゆるくソ～カツ【2022年がこい】,2021-12-31T23:02:10,2022-01-01T01:44:08,2022-01-01T02:01:48,2H41M52S
oIxp6WuvI8M,毒親育ちも思わずニッコリ！新年早々親子愛で暖まろう！【メイドインアビス深き魂の黎明】,2022-01-01T17:32:46,2022-01-01T19:56:07,2022-01-01T20:09:40,2H23M12S
viCACv_PMRw,【DARKSOULSⅡ】なんだろう、死ぬのやめてもらっていいですか？【初見プレイ】,2022-01-02T15:02:49,2022-01-02T23:17:00,2022-01-03T00:11:07,8H14M10S
UieRu6gEDJo,【DARKSOULSⅡ】王？見て分からん？ここに居るんだけど【初見】,2022-01-04T15:02:03,2022-01-05T02:47:23,2022-01-05T05:34:53,11H45M20S
pm1mhN5m6hU,そろそろ寿司を食べないと死ぬぜ【す↑し→なんです】,2022-01-05T21:01:23,2022-01-05T22:25:14,2022-01-05T22:37:12,1H23M41S
wLZIsxBGAKI,【16タイプ診断】前世は絶対ガンジー！己を知る。,2022-01-06T20:02:03,2022-01-06T21:50:36,2022-01-06T21:57:20,1H48M27S
KQoqRyTiqCs,運営（セバス）に読めと言われたので読みます。（被害者面）,2022-01-07T20:01:45,2022-01-07T21:26:44,2022-01-07T21:32:44,1H24M59S
3mRQg5aHX3E,【DARKSOULSⅡ】人生に一番必要なもの、それは𝒮𝒪𝒰ℒ…【初見】,2022-01-08T13:02:57,2022-01-08T19:57:40,2022-01-08T20:29:35,6H54M39S
3s-HdSWdOWE,【DARKSOULS3】転生したらまたまた亡者だった件【初見】,2022-01-09T12:01:56,2022-01-09T20:09:29,2022-01-09T20:59:30,8H7M29S
LwCYC_brdPM,【DARKSOULS3】触れるもの皆傷つけてしまう･･････【初見】,2022-01-10T12:02:29,2022-01-10T21:54:12,2022-01-10T22:53:13,9H51M43S
LfJbU-80W38,【TeethBrushingSimulator】息根とめる、歯を磨け、ンマァ！！！！！！！,2022-01-11T20:01:14,2022-01-11T20:23:13,2022-01-11T20:26:44,22M5S
ZEN1W-BsaZo,【雑談】質問に答えたり答えなかったりする。,2022-01-12T21:11:22,2022-01-12T22:59:56,2022-01-12T23:17:40,1H48M21S
E1yfMOtDCCM,【MHRise】下位で死ぬことないやろちょゆ～～笑笑笑【村クエ】,2022-01-14T20:02:48,2022-01-15T01:39:33,2022-01-15T02:21:05,5H36M45S
s7xoL-h2nK4,【DARKSOULS3】やったああああああダクソの時間だああああああああああああ【初見】,2022-01-15T15:01:36,2022-01-15T23:34:54,2022-01-16T00:45:12,8H32M8S
Wf_6DJg7LP0,【DARKSOULS3】パリパリしてえ・・・！！！！！【初見】,2022-01-16T13:02:19,2022-01-16T19:44:41,2022-01-16T20:28:10,6H42M9S
DOxw-i1BXnI,インターネットに人生捧げてる女に気をつけろ,2022-01-17T20:00:42,2022-01-17T21:51:17,2022-01-17T22:09:26,1H50M33S
_Zvdts9inz8,【Creed: RisetoGlory】今年の大晦日R〇ZINに出ます【VR】,2022-01-18T20:02:54,2022-01-18T20:29:09,2022-01-18T20:31:30,26M16S
UgzQmXSYbaM,自分、幸福自慢、良いすか？,2022-01-20T20:05:09,2022-01-20T20:54:01,2022-01-20T21:01:39,48M53S
nKZSg352VHI,インターネットに人生捧げてる女のつくり方。【NeedyGirlOverdose】,2022-01-21T20:02:01,2022-01-21T20:28:51,2022-01-21T20:35:40,26M42S
ThggrFtgV8Q,【DARKSOULS3】愛を知って強くなったので絶対に死なない【初見】,2022-01-22T15:03:37,2022-01-22T21:40:21,2022-01-22T23:22:15,6H36M32S
HzSrrWUKl-E,【DARKSOULS3】ソウルソウルソウルソウルソウルソウルソウルソウルソウルソウルソウルソウル【初見】,2022-01-23T15:30:18,2022-01-23T20:51:02,2022-01-23T21:29:29,5H20M45S
-ac6ca2o78U,【桃鉄】リアルボンビー姉妹＋執事で初コラボ「仲良く」なるぞ！！【深層組】,2022-01-25T20:02:00,2022-01-25T22:27:32,2022-01-25T23:05:24,2H25M30S
2ez8TbFdERc,【PokémonLEGENDS】あっ！ン！！！！！！！！！！！！！！！！！【アルセウス】,2022-01-28T00:04:38,2022-01-28T07:41:35,2022-01-28T08:10:32,7H36M24S
50DGQPHgTlM,【DARKSOULS3】癖になってんだ、パリィするの【初見】,2022-01-29T13:03:44,2022-01-29T19:36:06,2022-01-29T20:22:53,6H32M4S
ORtoN5NUOlU,【DARKSOULS3】DLCわからせの旅【初見】,2022-01-30T14:01:39,2022-01-30T20:50:41,2022-01-30T21:26:22,6H48M58S
ezuYmH_Ez6A,【切り抜き】深層組は「アットホーム」な職場です！入門者募集中！桃鉄まとめ【息根とめる/生返るるる/小城夜みるく/従井ノラ】,,,2022-01-31T20:11:37,9M57S
qXOpmQmmm7w,【陶芸マスター】ネオアームストロングサイクロンジェットアームストロング砲を作る,2022-02-01T20:01:46,2022-02-01T21:48:24,2022-02-01T21:55:57,1H46M34S
aM5cDw3xCYw,【脱出のアリア】城に閉じ込められた女の子に指示厨する,2022-02-02T20:03:58,2022-02-02T21:23:58,2022-02-02T21:32:11,1H19M56S
-ShtWAj_2Vw,【深層組コラボ】寧々丸、襲来。もちろんとめるは抵抗するで？拳で【Creed: RisetoGlory】,2022-02-03T20:06:13,2022-02-03T21:28:14,2022-02-03T21:40:58,1H22M
m3tu5KwWHoA,社会と接点を持つのは止めよう！鬱になるので,2022-02-04T20:01:21,2022-02-04T21:24:19,2022-02-04T21:31:55,1H22M57S
EgyajmGE8mo,【DARKSOULS3】クリアーできるかも！？？？？？？【初見】,2022-02-05T14:01:27,2022-02-05T21:49:58,2022-02-05T22:41:34,7H48M29S
tnxt5I_Wggc,【Bloodborne】はじめての、ブラボ,2022-02-06T13:17:40,2022-02-06T21:51:16,2022-02-06T22:40:25,8H33M36S
48GvqH3RfvY,【お料理】タコヤピーの煎餅、作るぞ！！！！！！！！！！【超美麗3D】,2022-02-08T20:02:34,2022-02-08T22:10:18,2022-02-08T22:24:48,2H7M41S
RdSerDD3vCE,第2回とめラーお部屋コンテスト！おじゃましま～～～～～～～～～～～～～～～～～～～～～！,2022-02-10T20:05:26,2022-02-10T22:16:08,2022-02-10T22:25:25,2H10M30S
L1OhfZlaY8Y,【Bloodborne】フロムゲーやるために生まれてきた,2022-02-11T13:08:42,2022-02-11T18:07:44,2022-02-11T18:41:41,4H58M26S
abeiz2uGLw8,【Bloodborne】パリィがよんでる！！！！！！！！,2022-02-12T13:37:19,2022-02-12T18:01:42,2022-02-12T18:21:10,4H24M21S
D_Oj1g6urdg,【深層組】DWUお姉さま、呼び出してみた！！！！！【Creed: RisetoGlory】,2022-02-12T20:06:31,2022-02-12T22:10:53,2022-02-12T22:27:00,2H4M18S
CDyxYIc61PE,【Bloodborne】思う存分遊ぶぞおおおおおお！！！！,2022-02-13T14:18:14,2022-02-13T21:17:36,2022-02-13T21:57:53,6H59M19S
d1KkiCIiUaA,第2回とめラーお部屋コンテスト！出てこい！！！！！！！！,2022-02-16T20:00:43,2022-02-16T22:23:12,2022-02-16T22:42:26,2H22M23S
W9qAu7QoBFE,【passpartout】描き、売り、稼ぐ。本気のお絵描きする！！,2022-02-17T20:01:47,2022-02-17T20:26:59,2022-02-17T20:30:02,25M8S
PXM1N8BYhq4,【SEKIRO】エルデンリング総まとめLIVE同時視聴＋バグハメ無しで修羅挑戦！【エルデンリング】,2022-02-18T20:01:50,2022-02-18T22:22:03,2022-02-18T22:33:40,2H20M13S
TFBQ_4zxX3A,【Bloodborne】本当にあった、怖い、DLC,2022-02-19T14:02:02,2022-02-19T21:33:46,2022-02-19T22:18:59,7H31M38S
VXgSkIXVCFs,【Bloodborne】終わりたくない最終回かも！？？？宇宙人と仲良くなろう！,2022-02-20T13:01:24,2022-02-20T17:17:05,2022-02-20T17:45:32,4H15M38S
or_4bMz9GUs,さぁ、とめるの罪を教えろ！,2022-02-21T19:59:58,2022-02-21T20:57:53,2022-02-21T21:05:38,57M52S
X5YomGzmWTY,【心霊】幽霊とお母さん、どっちが怖いか検証する！！【深層組/息根とめる】,2022-02-23T20:58:13,2022-02-24T02:08:08,2022-02-24T10:17:12,5H9M47S
9-AxVDjzHiU,検証結果、お母さんの勝ち！！！！！,2022-02-24T20:03:54,2022-02-24T20:30:37,2022-02-24T20:33:28,26M33S
bqvYJxX8zrQ,明日、３Dになります。,2022-03-11T20:04:16,2022-03-11T21:13:31,2022-03-11T21:28:34,1H9M13S
Au8doqBgNf0,3Dお披露目【 #息根とめる3D 】,2022-03-12T19:50:07,2022-03-12T21:46:01,2022-03-12T21:56:13,1H55M47S
V--3jt15iqE,恐怖！本当にあった怖い3D裏話！！【 ガチ寝込み 】,2022-03-18T20:00:58,2022-03-18T22:09:24,2022-03-18T22:26:59,2H8M12S
22Hi3_YzADs,【エルデンリング】2週目いくぞ！魔法解禁純魔縛り！！！！！！【深層組/息根とめる】,2022-03-20T12:02:37,2022-03-20T20:04:19,2022-03-20T20:47:04,8H1M38S
yVrW6CA0dQQ,【エルデンリング】純魔しばり！遺灰×近接武器×拳〇【深層組/息根とめる】,2022-03-21T15:02:31,2022-03-21T21:33:46,2022-03-21T22:17:19,6H31M11S
OYo-jFRR6A4,【オフコラボ】陰キャ4人で人生初深層ホームパーティー！！【深層組】,2022-03-22T19:59:51,2022-03-22T21:55:48,2022-03-22T22:09:37,1H54M5S
hQVtoHcY5uQ,深層Web警察です！非公式Wikiとやらを検閲する。,2022-03-24T20:03:25,2022-03-25T00:30:10,2022-03-25T00:55:05,4H26M42S
XIGH3j1pC_w,深層Web警察です！己の記事と向き合う。,2022-03-30T20:02:55,2022-03-31T00:01:10,2022-04-01T07:30:28,3H57M49S
Pvi941p-mVg,アーカイブが残らないタイプの雑談。,2022-04-05T20:02:24,2022-04-05T21:33:21,2022-04-05T21:47:41,1H30M52S
NIwyT04dDLk,【超美麗3D】オフコラボ！クッコロちゃんとプレゼント開封する！！【息根とめる/クッコロ・セツ】,2022-04-08T15:01:36,2022-04-08T17:58:45,2022-04-08T18:14:14,2H57M8S
JP2iY7cN8O0,【エルデンリング】純魔しばり！遺灰×近接武器×拳〇【深層組/息根とめる】,2022-04-09T13:01:58,2022-04-09T19:48:56,2022-04-09T20:18:25,6H46M53S
TugsjELs-ZE,【エルデンリング】ハーバード式純魔攻略！！遺灰×近接武器×拳〇【深層組/息根とめる】,2022-04-10T14:04:46,2022-04-10T19:54:21,2022-04-10T20:28:03,5H49M36S
37-mSEam9NE,非公式wiki最終回！残るは新人３人！,2022-04-11T20:04:01,2022-04-11T23:02:57,2022-04-11T23:23:13,2H58M52S
qiaOGzR-VuE,毒親から逃げきりたい,2022-04-13T20:03:08,2022-04-13T21:49:39,2022-04-13T22:14:46,1H46M30S
ligIbK1Qk2U,【緊急対談】第三次深層組の乱シャンプー事件編【仲間で金稼ぎ！？後輩イビリお局誕生！？】,2022-04-15T20:06:19,2022-04-15T21:33:58,2022-04-15T21:43:19,1H27M27S
xFAxqUAseOM,ティラノサウルスレース出場！鳥取に来た【息根とめる/42】,2022-04-16T13:30:10,2022-04-16T17:12:12,2022-04-16T17:27:50,3H39M30S
0YBxUaKs1-w,春のクソミソ祭り＋ティラノサウルスレースお疲れ様でした！,2022-04-18T20:07:45,2022-04-18T21:48:28,2022-04-18T21:55:16,1H40M49S
yJxpkLZvFMo,トイレからご機嫌用！,2022-04-21T19:01:05,2022-04-21T19:55:32,2022-04-21T19:58:55,54M25S
_h0C_BhGphk,実は陽キャで彼氏持ち!?疑惑の「全て」にお答えします。,2022-04-22T20:19:56,2022-04-22T21:59:21,2022-04-22T22:05:16,1H39M23S
ZXflMt6zbiE,【エルデンリング】28歳になりました。【深層組/息根とめる】,2022-04-23T15:06:33,2022-04-24T01:29:09,2022-04-24T04:34:24,10H22M26S
GcnMsii9Clg,※※謝罪のお知らせ※※,2022-04-25T19:50:23,2022-04-25T20:02:10,2022-04-25T20:04:01,11M48S
NqQVjQINBbM,【１周年】図太メンタルで駆け抜けろ！「息根とめる」のこれまでとこれから【迎えてしまった】,2022-04-26T20:08:04,2022-04-27T06:17:04,2022-04-27T06:56:21,10H8M59S
uZEPEOk4lPk,コースはおうち！マリオニャーーート！！はじめて遊ぶぞ【マリオカートホームサーキット】,2022-04-29T20:29:40,2022-04-29T22:20:12,2022-04-29T22:43:22,1H50M30S
0rfcmIoeZ5A,【エルデンリング】ハーバード式純魔攻略！！遺灰×近接武器×拳〇【深層組/息根とめる】,2022-04-30T15:37:26,2022-05-01T03:16:34,2022-05-01T03:50:02,11H38M54S
TrDblHsZbTo,【エルデンリング】ついにラスボス！！！！！！！！！うおあああああああああああ,2022-05-01T03:16:43,2022-05-01T03:55:19,2022-05-01T03:59:29,38M40S
5Q02sVELXOI,【パワプロ2022】頭脳がパワフル高校名監督爆誕！！【体罰はNG】,2022-05-02T20:39:52,2022-05-03T00:21:00,2022-05-03T00:51:27,3H41M9S
8xdhFq_jAiA,【聖地巡礼】日本語が消えた街、新大久保。,2022-05-03T20:04:42,2022-05-03T21:30:24,2022-05-03T22:07:33,1H25M43S
E0cRXtoHitE,【パワプロ2022】頭脳がパワフル高校！留年編！！！！！！【体罰はNG】,2022-05-04T15:04:05,2022-05-04T21:21:26,2022-05-04T21:51:29,6H17M22S
btmnAZRMa9k,【ケツだせ】3分で世界が終わる雑談【ケツケツ】,2022-05-05T20:31:12,2022-05-05T21:48:58,2022-05-05T21:56:19,1H17M52S
sZubGg4zsT4,メンヘラから逃げるな！！！【NEEDY GIRL OVERDOSE】,2022-05-08T20:03:01,2022-05-08T22:55:02,2022-05-08T23:25:31,2H51M57S
D8fUFSuTaTc,ソーシャルハイパークリティカル雑談,2022-05-10T20:31:03,2022-05-10T22:40:28,2022-05-10T22:51:18,2H9M25S
3OM_OmOoJlg,【社不適の教科書】現状の報告まとめ【真の１周年記念】,2022-05-11T20:04:31,2022-05-11T23:37:08,2022-05-12T00:22:12,3H32M38S
KKX3w4XYyc8,【風来のシレン5Plus】初めてのシレン！魅せます。,2022-05-14T14:08:43,2022-05-14T21:28:54,2022-05-14T22:30:19,7H20M12S
BJkiUSmFPk8,【なまいき】鳥取を征服する。【なまほしちゃん/息根とめる】,2022-05-15T13:08:28,2022-05-15T16:47:16,2022-05-15T17:13:04,3H38M54S
TDwKzjwCFSs,DWUを救いたい。,2022-05-16T20:15:49,2022-05-16T21:49:51,2022-05-16T21:55:55,1H34M2S
2Rn6NZJd8Fc,鳥取プチ旅行、裏話ざつだん！＋DWUお姉さまと会った,2022-05-17T20:16:39,2022-05-17T22:21:33,2022-05-17T22:52:39,2H4M55S
H5E230Tqgr0,【パワプロ2022】パワハラ高校！これでええんかナイン開幕！！【初心者】,2022-05-19T20:01:52,2022-05-19T23:03:27,2022-05-19T23:25:56,3H1M35S
B0VmAdETsiE,我こそが本物の「超天ちゃん」【NEEDY GIRL OVERDOSE】,2022-05-20T20:00:34,2022-05-20T22:00:09,2022-05-20T22:12:47,1H59M36S
T8hVm0kKCdQ,とめるMK2計画、始動。ついに口が動くように！,2022-05-23T20:02:08,2022-05-23T21:13:30,2022-05-23T21:22:44,1H11M21S
0xGkdWBhs5E,おじさん構文、送ってない？大丈夫？？【おじさんと遊ぼう】,2022-05-25T20:03:39,2022-05-25T21:20:53,2022-05-25T21:27:18,1H17M15S
av3XWWH8Y3Y,【FF10】はじめてのファイナルファンタジー10！【深層組/息根とめる】,2022-05-26T20:31:31,2022-05-26T23:05:31,2022-05-26T23:31:18,2H34M
zd7bNfAHVEw,【マリカ8DX】安全運転！酒を飲んで走る！ぞ！深層組/息根とめる】,2022-05-27T20:04:07,2022-05-27T22:41:38,2022-05-27T23:14:01,2H37M13S
wuh2KmXLvNg,【FF10】不純な動機で始めるファイナルファンタジー【深層組/息根とめる】,2022-05-28T15:01:12,2022-05-28T20:40:27,2022-05-28T21:27:13,5H39M15S
kXrq3pUPANo,【FF10】不純な動機で始めるファイナルファンタジー【深層組/息根とめる】,2022-05-29T16:05:03,2022-05-29T21:50:46,2022-05-29T22:19:18,5H45M43S
c08k3BKz210,【AI実写化】橋本〇奈になりたかった女児の末路【深層組/息根とめる】,2022-06-01T20:00:28,2022-06-01T21:35:05,2022-06-01T21:42:17,1H34M37S
ZkGgY2800b8,【挙手制】第2回とめラーお部屋コンテスト【最終回】,2022-06-02T20:02:48,2022-06-02T21:47:08,2022-06-02T21:59:14,1H44M22S
AvYsZNN-Qa8,【相談】ソロキャンするから計画ねるぞ！！！！！！！！！！,2022-06-03T20:01:16,2022-06-03T21:28:30,2022-06-03T21:40:01,1H27M16S
Uzvz9lstSpg,【FF10】不純な動機で始めるファイナルファンタジー【深層組/息根とめる】,2022-06-04T15:01:25,2022-06-04T22:27:26,2022-06-04T23:14:32,7H26M
jhNK-kmPjkA,【FF10】不純な動機で始めるファイナルファンタジー【深層組/息根とめる】,2022-06-05T20:40:37,2022-06-06T00:42:36,2022-06-06T01:07:44,4H1M57S
E58tsGherkg,【RFA】旧！！！！！！！！！！！【超美麗3D】,2022-06-06T21:20:06,2022-06-06T23:09:16,2022-06-06T23:16:31,1H49M2S
15qbE4JiAF4,【雑談】人生に追われている【3分で全てを終わらせる】,2022-06-08T20:02:25,2022-06-08T22:46:35,2022-06-08T23:29:05,2H44M9S
rCRlA12xX6M,【FF10】不純な動機で始めるファイナルファンタジー【深層組/息根とめる】,2022-06-10T19:58:18,2022-06-10T23:14:01,2022-06-10T23:40:25,3H15M43S
C--Y1Bm44Tw,【外ロケ】ソロキャンプするぞおおおおおおおおお！！！【#息根とめる】,2022-06-11T16:46:07,2022-06-12T04:30:10,2022-06-12T05:35:09,11H44M10S
E3bkSjts5dY,【雑談】キャンプたのしかった後日談！！！！【#息根とめる】,2022-06-13T20:01:08,2022-06-13T23:21:28,2022-06-13T23:46:44,3H20M6S
EgoGfeJYnjI,【STEAMゲー】NKODICE初心者です❤指示厨歓迎！ゆるく巡るぞ！！！！！！！！,2022-06-15T20:03:40,2022-06-15T23:04:10,2022-06-15T23:15:47,3H28S
Mx3H4sTjS5w,【FF10】不純な動機で始めるファイナルファンタジー【息根とめる】,2022-06-18T13:00:10,2022-06-18T20:09:25,2022-06-18T20:38:50,7H9M13S
2xtAcOmDmy4,【FF10】不純な動機で始めるファイナルファンタジー【息根とめる】,2022-06-19T14:00:34,2022-06-19T19:47:24,2022-06-19T20:12:07,5H46M47S
LbUlu64-u3w,【Minecraft】リスナー鯖視察しに行くぞ！！！！！！！！！,2022-06-24T20:01:02,2022-06-24T21:42:03,2022-06-24T21:49:28,1H41M1S
6uFPzNEIwfE,【自己防衛おじさん】占いあてにしちゃダメじゃない？,2022-06-25T19:57:43,2022-06-25T21:37:34,2022-06-25T21:45:34,1H39M58S
o02PjX4i2Qo,【FF10】不純な動機で始めるファイナルファンタジー【息根とめる】,2022-06-26T15:03:33,2022-06-26T20:33:42,2022-06-26T20:52:25,5H30M9S
x45IzeLLIp8,【挙手制】第2回とめラーお部屋コンテスト【本当の最終回】,2022-06-27T20:01:42,2022-06-27T22:37:31,2022-06-27T23:09:23,2H35M45S
gLn0BoZTeDs,【急募】映画デート何着ていけばいい！？,2022-06-28T20:01:46,2022-06-28T22:09:01,2022-06-28T22:22:38,2H7M15S
Vsc-_nJUsCo,１年間放置しているマシュマロと向き合う。,2022-06-29T20:02:29,2022-06-29T21:28:00,2022-06-29T21:34:44,1H25M31S
fXaigNkdK-Q,ねええええええええええええええええええええええええええええええええええええええええええええええええええええええええええええ,2022-06-29T23:02:36,2022-06-29T23:03:47,2022-06-29T23:05:30,1M13S
EXPEDLt86f8,思考盗聴されています【NEEDY GIRL OVERDOSE】,2022-07-01T20:01:54,2022-07-02T00:01:22,2022-07-02T00:17:34,3H59M28S
bw3kIuPqbFU,【デモンズソウル】ついにこの時が来た！！！！！！！！【息根とめる】,2022-07-02T15:00:38,2022-07-02T22:56:06,2022-07-02T23:29:29,7H55M28S
jP48ZcMm3WA,【デモンズソウル】草を刈って世界を救う【息根とめる】,2022-07-03T15:00:56,2022-07-03T21:01:06,2022-07-03T21:24:35,6H10S
ZL1zspja2Ng,【モンハン】うまれて１回も乙ったことない【ライズ/サンブレイク】,2022-07-05T19:59:14,2022-07-05T23:20:27,2022-07-06T00:14:46,3H21M10S
6SwAfmnQWRI,納豆雑談。３秒で終わる。,2022-07-07T20:03:16,2022-07-07T20:44:18,2022-07-07T20:47:23,40M58S
tyEZkK2ANzY,活動疱疹迷走してるから会議する,2022-07-08T20:00:54,2022-07-08T20:54:39,2022-07-08T20:58:09,53M43S
LlS7e9ekMyY,【デモンズソウル】ワォオオオオオオオオオオオオン【息根とめる】,2022-07-09T15:16:34,2022-07-09T23:42:13,2022-07-10T00:11:11,8H25M31S
jLfE2vJxFyM,【ゴーストオブツシマ】日本史偏差値３で遊ぶGhostofTsushima,2022-07-10T15:01:06,2022-07-10T21:29:56,2022-07-10T21:53:49,6H28M50S
0odEBhb6ODY,サクラや不正値上げに騙されない！プライムデーを勝利する。,2022-07-12T20:51:18,2022-07-12T23:55:13,2022-07-13T00:06:55,3H3M54S
WJActy12M10,【ゴーストオブツシマ】日本史偏差値３で遊ぶGhostofTsushima,2022-07-16T15:01:48,2022-07-16T20:38:33,2022-07-16T20:58:28,5H36M46S
lLrc3h5JhAk,【ゴーストオブツシマ】日本史偏差値３で遊ぶGhostofTsushima,2022-07-17T15:12:32,2022-07-17T21:16:26,2022-07-17T23:09:44,6H3M23S
Czw4tZ5Eiz4,【おうち3D】独身の人は見ないでください！絶対にガチ恋してしまいます！！,2022-07-20T20:03:26,2022-07-21T00:35:14,2022-07-21T00:56:16,4H31M45S
nW7XmlmJ_A0,【ゴーストオブツシマ】日本史偏差値３で遊ぶGhostofTsushima,2022-07-23T15:18:11,2022-07-23T19:59:13,2022-07-23T20:20:21,4H40M59S
vDRyUPZIS8Y,【ゴーストオブツシマ】対馬１の暴れん坊は・・・【GhostofTsushima】,2022-07-24T15:02:03,2022-07-24T19:30:01,2022-07-24T19:47:27,4H27M53S
F4f0Fjhfb3A,心のノート全巻無料！！！急げ！！！！！！！！！！！,2022-07-26T20:06:28,2022-07-26T21:54:04,2022-07-26T22:00:34,1H47M36S
ZFG2GI-CTCI,【破壊済】初チャレンジ！PC自作するぞ！！！！,2022-07-28T20:04:12,2022-07-29T07:40:55,2022-07-29T08:23:59,11H36M19S
_3hOHGLsjpo,PC自作リベンジ！動け動け動けええええええええええええええええ,2022-07-29T20:02:38,2022-07-30T00:38:42,2022-07-30T01:05:41,4H36M3S
FNQ6e7Pt8aM,【PC自作】動かない理由わかった！いざ秋葉へ！！！【息根とめる】,2022-07-30T20:00:20,2022-07-30T22:10:57,2022-07-30T22:21:39,2H10M37S
_uWzTEOEEoE,【ゴーストオブツシマ】はらわたを引き抜くのは・・・【GhostofTsushima】,2022-07-31T15:31:09,2022-07-31T18:55:51,2022-07-31T19:08:02,3H24M41S
bB9pduWkWsE,【PC自作】お願い動いて！！３度目の正直なるか・・・？？？？？？？？？？？？,2022-08-01T20:08:59,2022-08-01T21:12:26,2022-08-01T21:18:55,1H3M23S
QJo7UK9g-0c,【食べ比べ】餃子の王将VS大阪王将【息根とめる】,2022-08-02T20:21:03,2022-08-02T21:42:18,2022-08-02T21:55:20,1H21M15S
CTxVF6iTL0g,アアアアアアアアアアアアアアアアアアアアアアアアアアアアｱｱｱｱｱｱｱｱｱｱｱｱｱｱｱｱｱｱｱｱｱｱｱｱｱｱｱｱｱｱｱｱｱｱｱｱｱｱｱｱｱｱｱｱｱｱｱｱｱｱｱｱｱｱｱｱｱｱｱｱｱｱｱｱｱｱｱｱｱｱｱｱ,2022-08-04T20:02:49,2022-08-04T21:49:41,2022-08-04T22:01:26,1H46M51S
IupPdyowalg,配信はしたいが全てが間に合っていない二日連続でこんなの・・・・・・・・・・・・・,2022-08-05T20:04:03,2022-08-05T20:12:28,2022-08-05T20:13:18,8M26S
H08tJ6V2fm4,【ゴーストオブツシマ】トラウマ爆散【GhostofTsushima】,2022-08-06T15:02:02,2022-08-06T20:47:27,2022-08-06T22:12:47,5H45M18S
stx28iegnI0,ゴッドオブウォオオオオオオオオオオオオオオオオオオオオオオオオオオオオオオオオオオオオオオオ【God of War】,2022-08-07T14:01:07,2022-08-07T19:24:45,2022-08-07T21:38:42,5H23M37S
0A6gyS1GRMc,【midjourney】流行りのAIお絵描きツールで神絵師になる【息根とめる】,2022-08-08T20:04:02,2022-08-08T21:45:49,2022-08-08T23:01:54,1H41M44S
acCL3NioMq4,10年10割負担者が保険証入手するまで【息根とめる】,2022-08-09T20:01:43,2022-08-09T23:21:24,2022-08-09T23:36:31,3H19M29S
XZ69erI4RRQ,虫取りってなに持ってけばいい！？？【息根とめる】,2022-08-10T20:05:27,2022-08-10T21:01:07,2022-08-10T21:59:31,55M7S
JiVD-TUDYeM,クワガタ捕まえるまで帰らない！！！！【息根とめる/なまほしちゃん】,2022-08-11T23:38:20,2022-08-12T05:14:11,2022-08-12T05:50:19,5H35M45S
onZj8pdEZ3k,虫捕り大敗北。カブトムシもクワガタも・・・・・・【息根とめる】,2022-08-12T21:01:32,2022-08-12T22:07:00,2022-08-12T22:22:06,1H5M26S
4esA-BBJF5Q,【モンハン】HUD非表示しばりでアプデ攻略す！る！！サンブレイク【息根とめる】,2022-08-14T15:01:16,2022-08-14T18:10:51,2022-08-14T18:25:55,3H9M35S
iRKxKuCO_IE,10年ぶり！格安SIMってやつ買ってみた！これで外でも連絡取れる！！！！！【息根とめる】,2022-08-15T20:39:19,2022-08-15T21:09:16,2022-08-15T21:30:57,29M58S
1n4mk5efmZk,【モンハン】野良マルチでモンハンキッズ探す【息根とめる】,2022-08-17T20:03:00,2022-08-17T23:19:09,2022-08-17T23:35:03,3H16M8S
TxW76OdNMIA,引っ越し先がまたしても倉庫な件。【息根とめる】,2022-08-18T20:06:08,2022-08-18T21:29:16,2022-08-18T21:36:39,1H23M8S
7kayoAYi9RI,【心霊】人死んだホテルでひとりかくれんぼする。【息根とめる】,2022-08-20T20:06:53,2022-08-20T21:42:36,2022-08-20T21:47:18,1H34M15S
NsiPLm9sxaM,怖いって何！！！！！！！！！！！！！？？？失望した【息根とめる】,2022-08-21T20:10:11,2022-08-21T21:29:19,2022-08-21T21:38:17,1H19M6S
NFqqGf8tdpI,整形した,2022-08-23T20:32:17,2022-08-23T21:24:55,2022-08-23T21:29:51,52M37S
OfzWzvbwfzQ,【イキ丸】お化け拾ってきたコラボ後日談！【#寧々丸　#息根とめる　】,2022-08-28T20:05:13,2022-08-28T22:04:34,2022-08-28T22:14:15,1H59M12S
BywBnTKbcVU,心霊タクシー乗ってきた　#shorts,,,2022-08-29T22:58:50,38S
e9QlRuCI0WA,プチ・ホームレス再び（ガチ）,2022-08-31T19:31:18,2022-08-31T20:12:58,2022-08-31T20:17:04,41M40S
6juMgGwIStw,HEEEEYYEYAAAAAAAAAAAAAAAAAAAAAAAY　#shorts,,,2022-08-31T21:56:59,36S
40BjBl59J6A,引っ越ししたから紹介する！【ルームツアー】,2022-09-04T20:18:08,2022-09-04T22:35:22,2022-09-04T22:44:21,2H17M5S
6cxeXKZdmhg,【CERO:Z】最高のリョナゲーってマジ？？【メイドインアビス　闇を目指した連星】,2022-09-06T20:02:45,2022-09-06T22:52:13,2022-09-06T23:07:05,2H49M27S
bxsmwNvb05Y,【CERO:Z】三度の飯よりリョナが好き【メイドインアビス　闇を目指した連星】,2022-09-08T20:01:23,2022-09-08T23:50:00,2022-09-09T00:13:14,3H46M40S
pWUfANsyqQ0,自転車乗れるようになりたい。飯を作れるようになりたい。【#息根とめる 】,2022-09-09T20:01:28,2022-09-09T21:20:38,2022-09-09T21:25:52,1H19M9S
2UtnnrkPsVo,魚をしばいて刺身にする。【馬鹿が代クッキング】,2022-09-10T20:06:22,2022-09-11T01:30:03,2022-09-11T01:46:53,5H23M40S
OGYFWSlsaTU,【スプラ3】ガキを泣かす。,2022-09-12T20:02:23,2022-09-12T22:25:19,2022-09-12T22:47:08,2H22M45S
RL_zEPSCNPo,自炊に目覚めたい28歳独身女,2022-09-13T20:02:52,2022-09-13T21:19:14,2022-09-13T21:25:39,1H16M19S
1dnAw68KrnU,【超美麗3D】最強の配信部屋を手に入れた！!【防音室アビテックス】,2022-09-15T20:30:42,2022-09-15T23:25:07,2022-09-15T23:44:59,2H54M24S
cu6BJKVViFk,カレーって食べ物をご存じでしょうか？【馬鹿が代クッキング】,2022-09-17T00:04:14,2022-09-17T00:27:01,2022-09-17T00:28:59,22M47S
qv0Kh6KgS-c,【超美麗3D】黄金カレーを作るぞ！！！【馬鹿が代クッキング】,2022-09-17T20:33:28,2022-09-17T23:54:47,2022-09-18T00:16:34,3H21M19S
fWTBtpBw__g,【スプラ3】ガキを教育する。大人をなめるな・・・,2022-09-18T14:01:47,2022-09-19T01:01:05,2022-09-19T02:53:50,10H59M17S
Apo3A0AShp8,SCP財団に就職しました。【SCP：Secret Files】,2022-09-20T20:32:42,2022-09-20T23:26:21,2022-09-21T00:24:38,2H53M37S
_68iQMHJ3tQ,【おうち3D】とてもよく動く雑談！,2022-09-22T20:29:52,2022-09-22T22:03:55,2022-09-22T22:16:46,1H33M41S
Mpj79ve8_kU,【超美麗3D】30分で朝ごはん作って食べる！【馬鹿が代クッキング】,2022-09-23T07:01:41,2022-09-23T08:03:28,2022-09-23T08:07:42,1H1M45S
qeWkYnMY31U,【超美麗3D】視聴者が捕まえたイノシシを寧々丸ちゃんと食べる！！！【馬鹿が代クッキング】,2022-09-24T22:01:01,2022-09-25T01:22:48,2022-09-25T02:35:05,3H21M44S
rYPs-r_69BI,【ベヨネッタ】昇天させてくれ,2022-09-25T15:16:46,2022-09-25T19:00:55,2022-09-25T19:32:31,3H43M40S
WgEKoVqX80U,【SCP】そう、これは土器の子宮だ！！,2022-09-26T20:15:38,2022-09-27T00:06:29,2022-09-27T00:37:17,3H50M47S
0DcK_oqtbfM,【音ゲー】トローンボーン専攻卒（大嘘）【Trombone Champ】,2022-09-27T20:16:11,2022-09-27T22:25:09,2022-09-27T22:41:40,2H8M47S
HVNx4zgrapw,【超美麗3D】朝！おフレンチなトースト作る！！！【馬鹿が代クッキング】,2022-09-28T07:02:15,2022-09-28T07:59:15,2022-09-28T08:02:25,57M1S
kRzQ2i_TN64,【10万耐久】リングフィットから逃げるな！！！【#息根とめる】,2022-09-29T20:22:29,2022-09-29T22:18:07,2022-09-29T22:33:59,1H55M39S
i_W2HnivJI4,10万の女【#息根とめる】,2022-09-30T20:03:03,2022-09-30T21:38:07,2022-09-30T21:54:23,1H35M5S
O548kmFCToY,【ベヨネッタ】脱げば脱ぐほど強くなる。,2022-10-01T14:59:03,2022-10-01T20:10:12,2022-10-01T20:40:27,5H11M14S
rjHEo8oe9jk,習字の筆、カビさせなかった奴おる？,2022-10-05T20:03:30,2022-10-05T23:30:30,2022-10-05T23:53:45,3H26M31S
Rlnl98C0QWk,【超美麗3D】朝ごはん！30分で作って食べる！！【馬鹿が代クッキング】,2022-10-07T07:03:46,2022-10-07T08:14:27,2022-10-07T08:19:21,1H10M43S
FSBoreTTcKA,全員潰す。敵フィールドがDWUのAVになるスプラ3　#AVスプラ,2022-10-08T21:01:14,,2022-10-07T15:52:31,P0D
yQQqF0lCMDw,息根とめる のライブ配信,,,2022-10-09T15:23:03,P0D
PIVGDltnazo,昨夜の配信について,2022-10-09T19:22:58,2022-10-09T19:27:45,2022-10-09T19:28:27,4M41S
bq-A9rGbng4,【超美麗3D】フィジカル糞雑魚決定戦【深層体力測定】,2022-10-09T20:38:44,2022-10-09T22:36:56,2022-10-09T22:53:31,1H58M18S
NW1qUF2im28,息根とめるは燃えて死んだのですか？,2022-10-13T20:01:50,2022-10-13T20:41:32,2022-10-13T20:44:51,39M35S
k5Tqxdqo92Y,息根とめるは何をしたいのですか？,,,2022-10-14T04:47:56,P0D
r-Wz4ZUiIgE,【公式/サブ】ティラノサウルスレース大山2023【ゲスト：息根とめる】,2023-04-15T10:58:26,2023-04-15T17:01:24,2023-04-15T17:51:54,6H2M55S
